"HITId","HITTypeId","Title","Description","Keywords","Reward","CreationTime","MaxAssignments","RequesterAnnotation","AssignmentDurationInSeconds","AutoApprovalDelayInSeconds","Expiration","NumberOfSimilarHITs","LifetimeInSeconds","AssignmentId","WorkerId","AssignmentStatus","AcceptTime","SubmitTime","AutoApprovalTime","ApprovalTime","RejectionTime","RequesterFeedback","WorkTimeInSeconds","LifetimeApprovalRate","Last30DaysApprovalRate","Last7DaysApprovalRate","Input.image_url","Answer.humerusSemSegDifficult.inputImageProperties.height","Answer.humerusSemSegDifficult.inputImageProperties.width","Answer.humerusSemSegDifficult.labelMappings.Humerus.color","Answer.humerusSemSegDifficult.labeledImage.pngImageData","Approve","Reject"
"3RKHNXPHH25I2S3EGYTVSG72KASKUZ","33SU42CZVS6CZTSHEOGSYZHNGQW77E","Outline the Humerus bone within a surgical x-ray","(GRADED!) We need high quality semantic segmentations (outlines) of the humerus bone. Please refer to the Full Instructions for examples and details before working.","semantic segmentation, image, labeling, medical, x-ray, single item","$0.10","Wed Jan 17 12:45:44 PST 2024","10","BatchId:5176945;OriginalHitTemplateId:928390902;","14400","259200","Thu Jan 18 17:45:46 PST 2024","","","3HPZF4IVNT2KMN9POOEOV2WYSZRYCK","A26MRON9XGPVB5","Submitted","Wed Jan 17 13:42:15 PST 2024","Wed Jan 17 14:02:00 PST 2024","Sat Jan 20 14:02:00 PST 2024","","","","1185","95% (41/43)","95% (41/43)","100% (14/14)","https://fluoros-mturk-instructions.s3.amazonaws.com/Humerus/Batches/Test_Instructions/004_030831.png","512","512","#2ca02c","iVBORw0KGgoAAAANSUhEUgAAAgAAAAIAAQMAAADOtka5AAAAAXNSR0IB2cksfwAAAAZQTFRFAAAALKAsCO/WQQAAAAJ0Uk5TAP9bkSK1AAAB10lEQVR4nO3cQW6DMBRFUSwPPGQJ7KTeUncAS2MpLKHDDqK6UtVgp8P3UAzNvXMfRfoEvlDaYSAiomf0bp5PHyaQTSAWE5hMIBQTGF2glLI555MLzCYQiwlkEwjFBMbuQAIAAAA4DRABAAAATgPYax4AAADAYcAAAAAAcCywGsAMAAAAAAAAAAAAAAAAAAAAAAAAAAAAAAAAcEGgAAAAAAAcDGwAXYH+P+oCuAPG37UB3IFPgHJ7aSAeA3wB+EDRgfRvgOXCwHgWYL0wMJ0F2F4ZyMXcMAB2QF9R5u5AOQsgryihOxCPAuQNwwZSd+D3uaJvGP2B6TBgEYF8fWC+A2svoFweCDuwdQLiiQDx+Z52QHy2VUB8MOw3JPWO0gCLC6wSMFVgk4BcAW0McwW0MdTz2sMtNIA0x9gCqwCkFtgEYGwB5es0tYAyx9wCyhjmFlDGUEwguEB0gdT9E/QH7CkcDSzPBwaAv/cDAZhcYHSB5ALRBYILPI5hFYDsfoKHOQrnH+YoLQjRBdox2DuOvWVp63Yzhk0C7FU1uUAzx0UCmjFo5+sY1Ncw+9dJfpflXUdDvZr1N4rJuRB/sv+l6vBmnCUiIiIiIiIiIiIiIiIiIiIiesG+AV2da5kcRq7bAAAAAElFTkSuQmCC"
"3RKHNXPHH25I2S3EGYTVSG72KASKUZ","33SU42CZVS6CZTSHEOGSYZHNGQW77E","Outline the Humerus bone within a surgical x-ray","(GRADED!) We need high quality semantic segmentations (outlines) of the humerus bone. Please refer to the Full Instructions for examples and details before working.","semantic segmentation, image, labeling, medical, x-ray, single item","$0.10","Wed Jan 17 12:45:44 PST 2024","10","BatchId:5176945;OriginalHitTemplateId:928390902;","14400","259200","Thu Jan 18 17:45:46 PST 2024","","","3K5TEWLKG2KUVW0KBNNQZ6QZNNVVIW","A2RVSBEHUCNC6K","Submitted","Wed Jan 17 16:09:58 PST 2024","Wed Jan 17 16:13:46 PST 2024","Sat Jan 20 16:13:46 PST 2024","","","","228","100% (3872/3872)","100% (23/23)","100% (8/8)","https://fluoros-mturk-instructions.s3.amazonaws.com/Humerus/Batches/Test_Instructions/004_030831.png","512","512","#2ca02c","iVBORw0KGgoAAAANSUhEUgAAAgAAAAIAAQMAAADOtka5AAAAAXNSR0IB2cksfwAAAAZQTFRFAAAALKAsCO/WQQAAAAJ0Uk5TAP9bkSK1AAACP0lEQVR4nO3cwXGDMBRFURgWLClBpVCaKI1SKCHLLDJRbJPEIru892cEyb17zmAQQraxu46IiK7QYG5eigdkExiLCdx2oCzmDlhAcoFiAsMDWHVgcoHZBVIMsAH4wMu/BiYAHxgBfGAA6HoAH+jc+wJAt68zAQAAPtf7AAB3YL00kADOAiwAFwemcwDG9gAAJwLeAQAAACKABADQ7e+ZAADyDXi7NjADAAAAnAZIAAAAcUD7xXb7YwBQyivACQDnMZS/AMwAAADfgDWhAOwfgQCcAbj4R2F/ACgRgLXcBwgCrG++AT4f+raBBeAEwArgAPbvG4OATQfG6wPT9YH0AFr+unC+PpAfgLHabg+U1sA+JRpr3fbAEAToK00bGJsDUxCgLxRtIEUBSzNgjgJWFcinATYVKKcB1Htb3xwYvgD1zhIHqPP62Bz4mtHkWdUGUhigzqpzHLBoQI4DVg0occAmbd8/AW1CsIHhCWgTQgVol+MYCGhX0/QEtIvBBlIFLC6wKsAcCWwKkCtAGss1II3lGpCGYiggjeUakEbSAVhdYHMB5TzW20un4QAopyEWUKaUI7AACEBv78HsAuMB+P32Pw6CAmRzKB8OggSkCpBm1fr2LN0Y6tOwKcDgAn1zoLOB7AKzCyQXmJoDowtUQ3GVAP9dU3aB53lcNGBygcEFvo+i/A1BNndg3wfvz4Gz9xTI/ZK2nsm6DwXr+cQ7sHjA5AK9+ffKt9fgAkRERERERERERERERERERET0n/oAAViu763S/dgAAAAASUVORK5CYII="
"3RKHNXPHH25I2S3EGYTVSG72KASKUZ","33SU42CZVS6CZTSHEOGSYZHNGQW77E","Outline the Humerus bone within a surgical x-ray","(GRADED!) We need high quality semantic segmentations (outlines) of the humerus bone. Please refer to the Full Instructions for examples and details before working.","semantic segmentation, image, labeling, medical, x-ray, single item","$0.10","Wed Jan 17 12:45:44 PST 2024","10","BatchId:5176945;OriginalHitTemplateId:928390902;","14400","259200","Thu Jan 18 17:45:46 PST 2024","","","3R3YRB5GRMCFCZSMU9L8MM0XW9WUAJ","A308VDNYF180ZF","Submitted","Wed Jan 17 18:05:56 PST 2024","Wed Jan 17 18:07:37 PST 2024","Sat Jan 20 18:07:37 PST 2024","","","","101","100% (962/962)","100% (58/58)","100% (44/44)","https://fluoros-mturk-instructions.s3.amazonaws.com/Humerus/Batches/Test_Instructions/004_030831.png","512","512","#2ca02c","iVBORw0KGgoAAAANSUhEUgAAAgAAAAIAAQMAAADOtka5AAAAAXNSR0IB2cksfwAAAAZQTFRFAAAALKAsCO/WQQAAAAJ0Uk5TAP9bkSK1AAAB90lEQVR4nO3bQU6EMBiGYQgLlhyBo/Ro5WgcpUcwcePCiI6OM53Ehfm+xpb6vlvDEzPlLwzoMPzQeHz09tNPflkvwGEA0/kB+zMAAADIgQ0AAABgGHoBdgAAAIB+gHR+YAcAAABo5j4RAACgEGAcD9AEEAEASgHOmy4AAAAAAAAAAAAAAACA/oH631wBAAAAOgECAAAAAABAe8AGAADQCLADAPQBpJpABOgBONoAnv41MAL4wNQI8HJmYAZoAFgaAV7PDKxlAON1XyuA8QgjdANsJwbiF7DXA45CQKoGjKUA+QbBBqbqwHwF5CtLfWC5AvKFoT5w3dX1C4MNhGYA+cIQiwGbCHwfL++q5YCkHT+WA8Qt6Q6IG8JUDhDneXaB5QaI03QHxGFYXSDcga0OEO/ALgFHQSApx48ZIE2TDUwZIE3TnAHSMOSANAzZKGhn0poDuwskAQg5oKzjA6AswwOgLEN0f4P6wNEZoMxzrA4EF1hcYHKBh2WQtuXgAqsL5J9iUoDZBSYXyC+OuwL4NwjRBbITYZOA1QUWF8hOBOn4fB01YLCB2zqqX36DC9zWUX6KYs3Spc8z4dl4KPq5kMl9OL5F571vuJwDmwEs3n8TXebBeMHxBTgfwHDZWZMHjNbfdBERERERERERERERERERERER/XXvnOUdkpaL5YEAAAAASUVORK5CYII="
"3RKHNXPHH25I2S3EGYTVSG72KASKUZ","33SU42CZVS6CZTSHEOGSYZHNGQW77E","Outline the Humerus bone within a surgical x-ray","(GRADED!) We need high quality semantic segmentations (outlines) of the humerus bone. Please refer to the Full Instructions for examples and details before working.","semantic segmentation, image, labeling, medical, x-ray, single item","$0.10","Wed Jan 17 12:45:44 PST 2024","10","BatchId:5176945;OriginalHitTemplateId:928390902;","14400","259200","Thu Jan 18 17:45:46 PST 2024","","","3UN61F00H3YQQ1OOVJZM90XRXWPR54","A2KJ983WWTEK4L","Submitted","Wed Jan 17 17:34:51 PST 2024","Wed Jan 17 17:35:25 PST 2024","Sat Jan 20 17:35:25 PST 2024","","","","34","100% (1203/1203)","100% (77/77)","100% (54/54)","https://fluoros-mturk-instructions.s3.amazonaws.com/Humerus/Batches/Test_Instructions/004_030831.png","512","512","#2ca02c","iVBORw0KGgoAAAANSUhEUgAAAgAAAAIAAQMAAADOtka5AAAAAXNSR0IB2cksfwAAAAZQTFRFAAAALKAsCO/WQQAAAAJ0Uk5TAP9bkSK1AAAB/0lEQVR4nO3bQU6EMBiG4UFMWHIEjsLNLEfrUXoEly6MaJCBzs5835/A4Pvu+8RJ568N6O1GRET0p15c4M1c339665vZBAYTaGcTSCbQzx7QzCYwmkA3Pz3QApwG+AAAAACIAt4BnhtoAACuBBQAAAAAgA3IAAAAAAAbMAEARAD6egCAHfgCAIgADn3hCXAdwHg7AACwA8ZDXQCApeVNVwEAiAAyAAAAAMAGFAAAgBjAvuoCALhAdxHAeQABEAU4zxMBogDn9YAN9BcBnJd1AGHA9K+B4SRABvCBAnACwLhpjgArYFwUAcIA46J4ASCdBDBumnMMoN+ymhWYDgPaFciHA0UFuhWQT1Ub6FdAPlFsYFgBeZrugDwMYxQgT5MNpDswuUAWgTkMKNr6Jg4Qp6ndAHEYAgFxmro4QJymfgPEYbCBYQcmF8gSMAYCRQKSC+zrxWmqAGkYmkhAGoY2EpCmqasAaRhsoK+BSQCGw4ExFMgCkM4FFADpTLsAUK+XTtXkAqMLDC7wcKQp53rnAq0LNC7wsI8SMLpAvY/S7/feBep9lO44rQs0LlAPdJGA5ALVFyFLwOAC1TZMElB9BhHYv0ra+mofVOD+I+iPFG2gN46D35IL2P+1vXwI549hlm+Ttf5nJ4oJvJrriYiIiIiIiIiIiIiIiIiIiIieqW8eWPvbtb3dzAAAAABJRU5ErkJggg=="
"3RKHNXPHH25I2S3EGYTVSG72KASKUZ","33SU42CZVS6CZTSHEOGSYZHNGQW77E","Outline the Humerus bone within a surgical x-ray","(GRADED!) We need high quality semantic segmentations (outlines) of the humerus bone. Please refer to the Full Instructions for examples and details before working.","semantic segmentation, image, labeling, medical, x-ray, single item","$0.10","Wed Jan 17 12:45:44 PST 2024","10","BatchId:5176945;OriginalHitTemplateId:928390902;","14400","259200","Thu Jan 18 17:45:46 PST 2024","","","3Z4AIRP3CDMBZF9H3V32VS6YMY51XU","A234WZ4KX8IW07","Submitted","Wed Jan 17 21:44:56 PST 2024","Wed Jan 17 21:46:40 PST 2024","Sat Jan 20 21:46:40 PST 2024","","","","104","100% (852/852)","100% (68/68)","100% (49/49)","https://fluoros-mturk-instructions.s3.amazonaws.com/Humerus/Batches/Test_Instructions/004_030831.png","512","512","#2ca02c","iVBORw0KGgoAAAANSUhEUgAAAgAAAAIAAQMAAADOtka5AAAAAXNSR0IB2cksfwAAAAZQTFRFAAAALKAsCO/WQQAAAAJ0Uk5TAP9bkSK1AAAB6ElEQVR4nO3bMVLDMBBG4XhUuHRL56P4aNLRdBQfgZKCQSSeJJZK/7szsuG9Xh8Ba6UEhtuNiIiuUEhGYDECQzECkxUoRmC0AtEIhGIEZiMwFCMwWYFoBB4/wr7AAAAAAADgB9x8gAwAAAAAAOAERAAAAAAAAIAzAgkAAAAAAAAAAAAAAAAAAAAAAAAAAAAAAADggkAG+O9AAQAAAKiBFcACDAAAHkAA+DvApw6MAF7A15WB7X+FyzdA+bkyMPsA5crA4gSkfkA8C5D7AeUswKquH64PhCcgX45ugHy3mYHRC5CvJjMwPQH5YnAD5GN5dgNSL2BxA7IIRDdg7QW81ssnih8gHgjDGxDn2QyENyDO8/gGxHE0A9MOJAmYdyD3AZYdWK2AtpejFdjXi8NQAdJeHqxAqABpGGpA2stjDSQBmGogWwFlI8w1oGyEpQaU5xhrQHmOpckMpMPrBysQrMDoDBxe327EawJzd2Bp1guz4AwI43w2QDjSzEBsAOFUXroDcwOsHYB2nLMVSMeB9kw8vr4FlJutuReUu9UMNFeb8vagAaR3qsZtsI1jer2MpAGPh7fcX3/UPnRN23d+H4k8ih/7tq87Wn4z/ihY/ryw9WFcT0RERERERERERERERERERER0rX4BSvwu9GR7vo8AAAAASUVORK5CYII="
"3RKHNXPHH25I2S3EGYTVSG72KASKUZ","33SU42CZVS6CZTSHEOGSYZHNGQW77E","Outline the Humerus bone within a surgical x-ray","(GRADED!) We need high quality semantic segmentations (outlines) of the humerus bone. Please refer to the Full Instructions for examples and details before working.","semantic segmentation, image, labeling, medical, x-ray, single item","$0.10","Wed Jan 17 12:45:44 PST 2024","10","BatchId:5176945;OriginalHitTemplateId:928390902;","14400","259200","Thu Jan 18 17:45:46 PST 2024","","","3ZPPDN2SL25KIKLVC3S3M93A43X9EF","A1Y0ABOUJUMCWW","Submitted","Wed Jan 17 19:28:53 PST 2024","Wed Jan 17 19:29:32 PST 2024","Sat Jan 20 19:29:32 PST 2024","","","","39","100% (2/2)","0% (0/0)","0% (0/0)","https://fluoros-mturk-instructions.s3.amazonaws.com/Humerus/Batches/Test_Instructions/004_030831.png","512","512","#2ca02c","iVBORw0KGgoAAAANSUhEUgAAAgAAAAIAAQMAAADOtka5AAAAAXNSR0IB2cksfwAAAAZQTFRFAAAALKAsCO/WQQAAAAJ0Uk5TAP9bkSK1AAAB5UlEQVR4nO3bQW6DMBRFURADhizBS/HSzNJYCkvosIOqrhpCgc7yniUDuXfOEST2R0GkaYiI6Ap1HyaQTSCYQJ89oM0mEF0gm0DnAoMLRBdIJvD7JVpA7wLBBZILRIAnMFcEAsAJgAHgBEAPcAegAwAAeNQCAAAsAdwHmN4bSAAAAGWACAAAAAAAcC8gANwGGAEAAAAAAAAAAAAA/hcBAAAAAG4HTAB1gQQAAPAoAwA0J3gjqv6rdQAARYD6b0wDABQBCv0RpuafRAFW4PP6wJcODCcBvisCoQyQrwzEBRivD0z1gFQImC8MLMcbY/k0gDyW29MA8li2ga4UII/lYoA8VW2gX4HRBabqwCwCQzFAHQhhBdTtaANxBdTdlFZA3Qw2kP+ygVE6vi0ITBLQbcBcB+g3QNsMwwZoa9kGwgZom2EHaGs5FgS0zZB2wOgCkwJkE2j3wOwCylru9oCyFG2g3wPKWj4AylIcigLKWg4HYHwdiO4Z2ECqDhyOV75GF2hdoKsOHPaSshttYKgOhAMgjLQjIEzlIzC7wPg6YE80eyjbtwX7xlT25jwJwGEijQqw+xTF30zRu4Jmuwj5Ech6EbMK+E+2l7uTfgLP5WgcT0RERERERERERERERERERERE79gPxn/7RdwpN6kAAAAASUVORK5CYII="
"3OEWW2KGRPKFBHD7SVVZPXKNIF7DO2","33SU42CZVS6CZTSHEOGSYZHNGQW77E","Outline the Humerus bone within a surgical x-ray","(GRADED!) We need high quality semantic segmentations (outlines) of the humerus bone. Please refer to the Full Instructions for examples and details before working.","semantic segmentation, image, labeling, medical, x-ray, single item","$0.10","Wed Jan 17 12:45:44 PST 2024","10","BatchId:5176945;OriginalHitTemplateId:928390902;","14400","259200","Thu Jan 18 17:45:46 PST 2024","","","32Z9ZLUT1STZ9HG34TJR42VCRIYHO4","A308VDNYF180ZF","Submitted","Wed Jan 17 18:02:10 PST 2024","Wed Jan 17 18:05:34 PST 2024","Sat Jan 20 18:05:34 PST 2024","","","","204","100% (962/962)","100% (58/58)","100% (44/44)","https://fluoros-mturk-instructions.s3.amazonaws.com/Humerus/Batches/Test_Instructions/007_061053.png","1280","1280","#2ca02c","iVBORw0KGgoAAAANSUhEUgAABQAAAAUAAQMAAAAiKm20AAAAAXNSR0IB2cksfwAAAAZQTFRFAAAALKAsCO/WQQAAAAJ0Uk5TAP9bkSK1AAAG4ElEQVR4nO3dQW7bZhCAURlauLscQUfR0cSj8Sg8QpZdBHGh2E1EkSKdDtqZUd9bGVkEH5yIM6R+2YfDP/X6dmP6x3/Nv+coMEhg1Czwa3bNCoFR5QNfBAbNAv/MrlkhMEpgVPnAw23gt+yYNQKjBEa1CvyeHbOmfOBFYJDAqNvAt+yYNQKjygeeBQbNAofsmhUCo3oFVtxYBUYJjJoFVlwIBUYJjJoFVty3ygeeBAYJjJoHDtk5SwKjBEbNA8fsnCWBUQKjmgVO2TlLAqPKB37pFVjweJnAKIFRr70CCx4vExglMKp84FFg0Dyw4FtNAqPKB74IDBIYJTBqHljx/ViBUQKjBEZdBAbNAiu+5S4wSmDUWWCQwKh54JCds1Q+8CQwSGCUwKjygfP3Y8fsnCWBUQKjyge+CgwSGDUPnLJzlgRGHQUGCYwSGDV/u7PgCUeBUQKjBIYJjJoFFjyCKTBMYNRFYFCvwIIHCAWGCYwqH3huFVjx+JvAqJPAIIFRs8CKh7fKB34RGCQwSmDUPHDIzlkqH/gqMEhgVLPAMTtnSWBU+cCjwCCBUeXPpQiMKh/4IjCoWWDBUxUCowRGlQ90NipMYJTAKIFRl1aBFU9VCIwSGCUwahZY8VTFWWCQwCiBUb0CK56qOAkMEhglMGoeOGTnLJUPLH94S2CUwKjyP9hKYFT5wPI/9UhgVLPfqSfw95X/hWvlA8v/siuBUfPAgo+3BEbNAws+WhAYNT+8VfC2TmDUXeCY3bMgMOoucMruWSgfeGgWWPCuSWDUPLDgbZ3AqHlgwds6gVHzwIK3dc0CC941dQscsnsWugWO2T0LAqPuAqfsnoVugeVW6pdugeU21naB5RbCdoHlFkKBUfeB5TbWfoFDdtGdfoFjdtGdReCUXXSnX2C1fet4H1htnekXWG2dWQRWG8b9AqsN42XgkJ001zBwzE6aWwZO2UlzDQOLDeNlYLFZ1zCw2DB+7RdYbBgvA4sN446BQ3bTzErgmN000zFwym6aWQmsNYw7BtYaxiuBtWZdx8Baw3glsNasKx/4ZSVwyI66tRY4Zkfdahk4ZUfdahlYahivBZYaxi0DSw3jtcBSw7hlYKlhvBo4ZFfd6Bk4ZVfdOK0FVholq4GVrtQ9AyuNktXASlfqnoGVRsl64JCd9UvTwDE765f1wCk765emgYWG8XpgoVnXNLDQMD6vBhaadU0DCw3jroFDdtdPl/XAMbvrp66BU3bXTw8C6wzj9b76gXWG8YPAOsO4euDiKP+HMsP4UWCZWdc3cMgu+7A83/hhzC770Ddwyi77UD5w7UzFD1WG8cPAKsO4b2CVYbz6RtNVlWHcN7DKMH4cOGSnvTv1DRyz0949Dpyy0941DiwyjM8PA4vMusaBRYZx+cDLw8Aiw/hxYJFh3DlwyG774XFfkWHcOXDKbvthI7DEMH74cKtDYIlhvBVYYtaVD3z4cOutyDDeCiwx63oHDtl1h42HW1djdt2he+CUXXdoEPj44dZbjWG8GVhhGPcOrDCMT1uBFYZx78AKw3g7cMjOaxB43gwcs/P2AqfsvPaBBYbxZTOwwKxrHlhgGJcP3OyrMIy3AwsM4+6BQ3bf1sOtq1FgMHCqHpg+jDcfbnUITB/Ge4Hps6584ObDrbcCw3gvMH3W9Q8ckgM3H261CBwFBgOn5MDTXmD2MO4fmL0t9A/M3hbO7QOz15n+gdnrzH7gIDAYOAoMBk4Cg4HJ68wTBCavM/uBydvCEwQmbwtPEJi8zjxD4CAwGDgKDAZO1QNzt4VnCMxdZ05PEJi7zjxDYO468wyBuevM7tsQb8nbwlMEjgKDgZPADbtvaL8lrzMCBXYITN1Y945GCRRYITD1pqR84N4hW4H/i8DU+87ygXufhhC461I98PyJb6HALafqgZ+5MRa45TM3JQK3fGYhTA38xDDOvVCXD/zEME4+mHLpH1j+cFRy4Kl64P6sSz6gtz9KkgP3R8mUG7h/pU4O3L9SZwde9gLH5MBz9cDTXuCQHLh7IUzue78Qfl/9Pn67voKyP/LyfiGcVgO/Xl/j2Z9qer8Qrv9Dj9f/odkfXPtxIfy6Hni4fn+zP5t4uF5ohmvgt9tX9HD6WGPSr9NXf1xfKuP1q78H33j9arr+yWlMDLvxunixnt8vgK/Df52y7rh4LRzTry8zxym7YMfLkF0AAAAAAAAAAAAAAAAAAAAAAAAAAAAAAAAAAAAAAAAAAAAAAAAAAAAAAAAAAAAAAAAAAAAAAAAAAAAAAAAAAAAAAAAAAAAAAAAAAAAAAAAAAAAAAAAAAAAAAAAAAAAAAAAAAAAAAAAAAAAAAAAAAADwG/4CeY9Ngb62+LsAAAAASUVORK5CYII="
"3OEWW2KGRPKFBHD7SVVZPXKNIF7DO2","33SU42CZVS6CZTSHEOGSYZHNGQW77E","Outline the Humerus bone within a surgical x-ray","(GRADED!) We need high quality semantic segmentations (outlines) of the humerus bone. Please refer to the Full Instructions for examples and details before working.","semantic segmentation, image, labeling, medical, x-ray, single item","$0.10","Wed Jan 17 12:45:44 PST 2024","10","BatchId:5176945;OriginalHitTemplateId:928390902;","14400","259200","Thu Jan 18 17:45:46 PST 2024","","","36W0OB37H3NB8LUA62U8K02GBMZHZ4","A2KJ983WWTEK4L","Submitted","Wed Jan 17 17:36:02 PST 2024","Wed Jan 17 17:36:38 PST 2024","Sat Jan 20 17:36:38 PST 2024","","","","36","100% (1203/1203)","100% (77/77)","100% (54/54)","https://fluoros-mturk-instructions.s3.amazonaws.com/Humerus/Batches/Test_Instructions/007_061053.png","1280","1280","#2ca02c","iVBORw0KGgoAAAANSUhEUgAABQAAAAUAAQMAAAAiKm20AAAAAXNSR0IB2cksfwAAAAZQTFRFAAAALKAsCO/WQQAAAAJ0Uk5TAP9bkSK1AAAHQ0lEQVR4nO3cQW7jwBGGUSdZeDlH0FF0NPFoPAqPkGUWQZwZz4wtUaREoADX38Z7J/gAW1VNqaWXFwAAAAAAAAAAAAAAYBT/7g545vL2U3fEI++Bv/ynu2THR+Av/+uu2SCwSmCVwKqxAhNXSnzgWWCRwCqBVbeBU3fOPYFVAqtOAosEVt0Gzt059wRWCawSWPVjrMClO+eewCqBVQKrBFbdBgZ+tBgf+CqwSGCVwKrbwMB7AQKrBFb9S2DRYIH/7c65J7BKYJXAKoFV/7gJDLy8JbBKYJXAqsECAy9vCSwTWCWw6jZw6s65J7BKYJXAqstYgXN3zj2BVQKrBFbdBi7dOfcEVsUHngUWDRYYeC9FYJXAKoFVt4GB1z7iA08CiwRWDRYYeGlBYJXAKoFVt4GBdwIEVgmsElh1+82/wDsBAqsEVgmsWgVO3T13BFYJrBJYtQqcu3vuCKwSWPUqsGgVuHT33BFYJbBKYNVogXl3AgRWCawSWLUKzLsTEB94+0MLgR93CqxaBeZ91DRaYN676MMFTt1BawKr1oFzd9DacIFLd9CawKp1YNyRerjAuCN1fODqB2fyTqwCq9aBcUfq4QLjjtTjBU7dRSsCq+4C5+6ilfECl+6iFYFVd4FpR+rxAtOO1PGBL+vAuBOrwKp1YNyRerjAuCP1eIFTd9GKwKq7wLm7aGW8wKW7aEVg1V1g2pF6vMC0I/V4gWknVoFVd4FpR+rxAtOO1AMGTt1JtwQW3b27lXakHjFw6W66IbBqIzDrSD1iYNaResTArBOrwKr15bK3tCP1iIFZR+ohA6fuqGtbgXN31LUhA5fuqGtbgVHHma3AqNPCkIFRy3grMGrXvY4YGLXrNgOn7qorYwbO3VVXNgOX7qorYwYmLePNwKRdN2Zg0jLeDEzadfGBP7YCk5bxduDUnfVp0MC5O+vTduDSnfVp0MCgZbwdGLTrBg0MWsbbgUG7Lj7wtBkYtIx3Aqfurg+jBs7dXR92Apfurg+jBuYs453AnF03amDOMt4JzNl1owbmLOPzTuDUHfbXsIFzd9hfe4FLd9hfl1EDY5bxXmDMrtvpyw+MWcZ7gTG7bi8wZddt3M4bJXDqTvttP3DuTvtt607FIIFLd9pv+4Ehu27zk7AxAkN23X5gyK7bfoN1iMCQZbwfGLLr4gNP+4FTd9u7B4Fzd9u7+MDzfuDS3fbuQWDGrosPvOwHZizjB4EZuy4+cL8vZBk/CMzYdUMHTt1xL48ei98ydt3YgUt33cujx+K3jF03dmDCMt5/LH7L2HVjByYs44eBCbvuwWPxCIFTd96zwLk77+Fj8QiBS3fes8CAXXceOzBgGT8ODNh1l7EDA5bx48CAXRcf+LgvYBk/CZy7++IDHz4WvwUs42eB7bsuPvDhY/FbwDJ+Fti+6+IDHz91BizjZ4Htu278wKk58PFj8Vv/rhs/cGkOPD0L7N514wd2L+Pzs8DuXTd+YPcyfhrYvesu4wdO6YFzb+DTvvzAJT2wd9c9eyweIbB3GR8I7N11zx6LRwjsXcYHAnt3XXzg08fit+ZlfCRwFlgMXAQWA1uX8ZHA1mX8LQJbl/GRwNZlHB/49O3BX+IDJ4HFwDk9cBFYDOxcxocCO3fd9wjsXMaHAjt33elbBHYu42OBk8Bi4JweuAgsBjYu42OBjbvumwQ2LuNjgY277ixQ4BCBja9igV8T2LhJBH5NYONx6yLwSwIXgd89cBZYDJwEfvfAvr78wEN98YGd71EL/JLAzg9yBH5JYOeHiQK/JLDzE/f0wAMX0d96L1XEB17SA89HAufGwFN6YPzdrSMXHFtvvx35skFr4KFB2Bl4aBB29h0ahK2B5/TA0/O+3i81HRiEvYEHBmH818J6v1gX/9XEA4OwOfDyNLD5pyDO6YGn8L/w00HY/UMQTwfh1B34ZBDO3X1PBuHSnffyeBB2/xrOu8t+X/eP4fx23u3rHjB/nPb62gfMH3uDsLvrw/YgnLqzPm0Nwrk76tr9IFy6k1aS/7zvLrEvjz/OoePlw2kVGDKfP60HYcaCu7IehBEnhGvrQbh0B62tB+HcHXQnfAzeDcLunHvn9MDbQRg3p9eDMG5Orwdh3JxeD8K4Of2ymjNLd82Gmzkzd9dsuJkzU3fNhps50x2z5XrOBI7B2zkTOAZv50zgGLw9cCWOwZtBuHS3bLoahHN3y6arQTh1t2y6mjPdKdte0wM/50zknL6eM5Fz+uVqzkTO6ZerOZM5p6/mzNJdsuPjwDV3l+z4Ef4X/jsIU1/DH3OmO+OB6FfIL5fgGfjuHLvl/jilHrT++hH9D/jTa/Q/4E//7A4AAAAAAAAAAAAAAAAAAAAAAAAAAAAAAAAAAAAAAAAAAAAAAAAAAAAAAAAAAAAAAAAAAAAAAAAAAAAAAAAAAAAAAAAAAAAAAAAAAAAAAAAAAAAAAAAAAAAAAAAAAAAAAAAAAAAAAAAAHvg/e9cHPD74mm8AAAAASUVORK5CYII="
"3OEWW2KGRPKFBHD7SVVZPXKNIF7DO2","33SU42CZVS6CZTSHEOGSYZHNGQW77E","Outline the Humerus bone within a surgical x-ray","(GRADED!) We need high quality semantic segmentations (outlines) of the humerus bone. Please refer to the Full Instructions for examples and details before working.","semantic segmentation, image, labeling, medical, x-ray, single item","$0.10","Wed Jan 17 12:45:44 PST 2024","10","BatchId:5176945;OriginalHitTemplateId:928390902;","14400","259200","Thu Jan 18 17:45:46 PST 2024","","","39LOEL67OZEHUHMOIR5T3M42T9938F","A234WZ4KX8IW07","Submitted","Wed Jan 17 21:38:57 PST 2024","Wed Jan 17 21:41:29 PST 2024","Sat Jan 20 21:41:29 PST 2024","","","","152","100% (852/852)","100% (68/68)","100% (49/49)","https://fluoros-mturk-instructions.s3.amazonaws.com/Humerus/Batches/Test_Instructions/007_061053.png","1280","1280","#2ca02c","iVBORw0KGgoAAAANSUhEUgAABQAAAAUAAQMAAAAiKm20AAAAAXNSR0IB2cksfwAAAAZQTFRFAAAALKAsCO/WQQAAAAJ0Uk5TAP9bkSK1AAAGnUlEQVR4nO3dPY4bBwyAURkO4NJH0FF0NM3R5ihzBJcpAjuQ1vZK8yuABUnhvcJF0nzQeocUV5ucTgAAAAAAAAAAAAAAAPCSb78e/cjOWfoqMEhg1HPgv9k5SwKjygd+6RX4X3bOksAogVHNAn9m5yyVDzwJjOoV+Cu7ZoXAKIFR16fAITtnSWCUwKjnwDE7Z0lg1EVgULPAKTtnSWCUwKjzU2DBM7/AKIFRz4EFz/wCo74LDHoOLHhFFxglMKpZYMEz/zeBQc0CC17RBUYJjJoFDtk9C18FBnULHLN7FgRGCYyaBU7ZPQtfBAZ1C6x3YhUYJTBqFljwxCowqllgwQOhwCiBUc+BBS+YV4FBzQILHggFRgmMmgUO2T0LF4FB3QLH7J4FgVECo2aBU3bPwllgULfAegdCgVECo2aB9S6Y3wUGdQusdyAUGCUwahZY74L5TWDQLLDe/U1gVLvAITtoTmDU126BY3bQnMCoeeCUHTQnMKpdYLnjzBeBQe0Cyx1nBEbNA8udFgRGlQ+cfcKx4O1DYNQssN5pQWBUu8AhO2iufOBVYNA8cMwOmhMYNQ+csoPmBEa1Cyx3WrgIDGoXWO72ITBqHljutCAw6twtsNztQ2BUu8Bytw+BUYvAIbtopnzgd4FBi8Axu2imX+CUXTQjMGoRWO2NcfnA+WdEy73vFBi1CKz2tq5fYLU3JQKjFoHV3pQ0DByyk54JjFoGjtlJzxoGTtlJzwRGLQOL7fwNA4ut1AKjloHFdv6GgcVWaoFRy8BiO3/HwCG76YnAqJXAMbvpScfAKbvpicColcBaO3/HwFortcColcBaO3/HwFordcfAWiv14gfaHQKH7KhHa4FjdtSjloFTdtSjloGl9q2WgaXWmZaBpdaZloGl1pmWgaXWmXPLwCG76sFq4Jhd9aBn4JRd9aBnYKV1pmdgpXWmZ2CldaZ84GUtsNI60zOw0jqzHjhkZ31qGjhmZ31qGjhlZ31qGlhonWkaWGidufYMLLTONA0stM6sBxZaZ9b76gcO2V1/dQ0cs7v+qh44/w9m/zFlh/3RNrDMOrMVWGZbmP/vP9oEltkWtgLLbAtbgWWG8doHj3oEDtllv20Gjtllv/UNnLLLflv9cfFNlVnXN7DKrNsMrDLrzm0DqwzjzcAqs65x4JCd9uGyGThmp31oHDhlp33YDiwy6659A4sM4+3AIrOucWCRYbzZV2XWdQ4cstvudgLH7LabrfNgi8ApO+5mL7DErGsdWGIYb94vfxWZda0DSwzjvcASs27zPNgicMiuOx0Ejtl1p4PAKbvu1CBw8355U2HW7QZWmHW9AyvMuvNeYIVZ1zuwwqzbDxyy8/bOgy0Cx+y8o8ApO+8osMCsKx943Q0sMOv2AwvMuuaBBWbdbl+FWdc9cMjuOwocs/v2rm8tAqfqgemz7igwfdbtXt86BKbPuqPA9FnXPjB91u1e324GgcHAsXrglBy4e31rEZg9jA8Ds2dd+cDzUWD2MD4MzJ51/QOzh/Fx4JAbeOkfOFYPnAQGA5OHcfnA62Fg8jA+Dkwexm8QmDyMjwOTh/E7BA6pgcd9ycP4HQKn6oG5s+4dAlOH8dGRv0Vg7jB+ITB3GL9DYO4wfovAQWAwcBS44/pC4CQwGJi6zrxFYOo68xaBqftW+cDLC4Gp+9ZbBKbuW+e3CBwEbjv8gfbNKHDb4cdSWgROArcdfvrtJnMhLB/4ynmrfmDmxlo+8KV37uUDU1fq8oHXdwgsv/OXf1sncM+5euArK3Vq4CsLYfnA1FH3ykJY/ueduR/fKh94rR54ERh0Pg7M/dzHC6MkN/CFJ3Vu4AtP6tzAF57UAvcdB065gdfDwDE38HwYOOQGHj9ncvuOnzPZv9Z0+F2S/Ztrh+tC9u/+HU7j7F/vPPxLOGUHbv8l/HH/c8zu235UD+f7n9l9m4/qnx/PyOy87Uf1j/tXP/0xeNr8Go/3Fzf9MXjaegl/fvyb9Mfgb8uHzb2swGPwj8W3ynj7p5cqL+Bp+Ti8/8N/kqMezUZemS/tp+vyBazl6ftkyq5Z8/BFrvB4XnGu/QKePpfXoi/g6e83ypjdsa163/07ZcxuODBmBwAAAAAAAAAAAAAAAAAAAAAAAAAAAAAAAAAAAAAAAAAAAAAAAAAAAAAAAAAAAAAAAAAAAAAAAAAAAAAAAAAAAAAAAAAAAAAAAAAAAAAAAAAAAAAAAAAAAAAAAAAAAAAAAAAAAAAAAAAAAAAAAAB08D+hRNglZsG5NAAAAABJRU5ErkJggg=="
"3OEWW2KGRPKFBHD7SVVZPXKNIF7DO2","33SU42CZVS6CZTSHEOGSYZHNGQW77E","Outline the Humerus bone within a surgical x-ray","(GRADED!) We need high quality semantic segmentations (outlines) of the humerus bone. Please refer to the Full Instructions for examples and details before working.","semantic segmentation, image, labeling, medical, x-ray, single item","$0.10","Wed Jan 17 12:45:44 PST 2024","10","BatchId:5176945;OriginalHitTemplateId:928390902;","14400","259200","Thu Jan 18 17:45:46 PST 2024","","","3FTF2T8WLYREZK7MX3M98FAAB71W9H","A1Y0ABOUJUMCWW","Submitted","Wed Jan 17 19:28:11 PST 2024","Wed Jan 17 19:28:53 PST 2024","Sat Jan 20 19:28:53 PST 2024","","","","42","100% (2/2)","0% (0/0)","0% (0/0)","https://fluoros-mturk-instructions.s3.amazonaws.com/Humerus/Batches/Test_Instructions/007_061053.png","1280","1280","#2ca02c","iVBORw0KGgoAAAANSUhEUgAABQAAAAUAAQMAAAAiKm20AAAAAXNSR0IB2cksfwAAAAZQTFRFAAAALKAsCO/WQQAAAAJ0Uk5TAP9bkSK1AAAGRklEQVR4nO3bzW0cVxCFUQlaaMkQJhSGxg6tQ+kQvPTCsIwZyuL0fwNloarocyL4QA7mPr5ufvkCAAAAAAAAAAAAAADwP/Htj+yCE99+PPs7O2dNYJTAqPKBXwUGzQN/ZOesCYwSGCYwSmDUPHDIzlkrH/gmMEhglMCo8oGvvQLH7Jw1gVECo24CgwRGzQOn7Jw1gVEvAoMERgmM+j4LLPjsU2CUwCiBUd96Bf6ZnbMmMEpg1FeBQc0C/8rOWRMYVT7wi8AogVGzwIKvvwkMexMYJDBqFljx5S2BUQKjXgUGNQscsnPWBEYJjCofeBMYNA8cs3PWBEYJjBIYVf69FIFRAqMERjULLPheSvk3ewRGCYwSGDUPLPheSvnA8i9vCYwSGNUssOB7KQKjyr/+JjCqWWDB91IERgmMKh9Y/w3HXoEV30sRGCUwSmDUW6/AITtnTWCUwKh54JidsyYw6lVg0Dxwys5ZExglMGoeWPB5bPnAm8CgZoEFH9YJjBIYNQ8s+KipfOCLwKBmgQWfQwiMEhg1Dyx4SS0wSmDUInDI7lkRGCUwav6ufMFLaoFRAqMWgVN2z4rAKIFRi8B6l9QCowRGLQLrXVILjPomMGgRWO+SWmCUwKhFYL1L6m6B9W4w2wUO2UFL7QLH7KCldoFTdtDSMrDcHyXtAsudWL92Cyx3nFkGljsttAssd1roFzhkFy2sAsfsooV+gVN20UK/wGqnhVVgtTHuF1jttNAvsNppYRVYboz7BQ7ZRQv9AsfsooVV4JRdtNAvsNppoV9gtdPCKrDaGPcLrHZa6BdY7bTQMHDITppbB47ZSXMNA6fspLmGgcVOC+vAYqeFhoG1TgvrP9zrB9Y6LWwE1hrjloFDdtSz8oHLB9p3Y3bUs63AKTvqWcvAUqeFloGlTgtbgaXG+HvHwFKnhZaBpU4Lm4FDdtWTnoFjdtWTl63AKbvqSc/ASmO8GVhpjHsGVhrj21Zgpa3bDKy0dU0Dh+ysD9uBY3bWh6aBU3bWh9fNwEJb1zSw0NZtBxbauqaBhcb4bTOw0NbtBA7ZXb90DRyzu37ZCZyyu37pGlhn67b7Cm1d18A6W7cTWGfrugbWGeO9wCE77Ketx8UPY3bZT30Dp+yyn3YDq2xd38AqW7f1NPahytb1DayydbuBVbauceCQnfZuP3DMTnu3+TT2YcpOe9c4sMjW7QcW2brygZsPOx+KbN1+YJGtaxxYZOtu+4FDdttD58Axu+3hIHDKbns4CKyxda+NA2ts3UFgja3rHFhj6972A2tsXevAITvu7ihwzI67Kx940FdjjI8CS2zdUWCJraseuHtFfVdh6w4DK2zdYWCFKWkeOGTnHV2w3o3ZeWeBU3beWWCBKWkeWGBK9i9Y7wpMyXFggSk5DizwTd09cMjuO7oBvhuz+84Cp+y+s8D8b+rygbfjwPwpOQnMn5KTwPwpOQnM/6YuH/h6EjhUDxyrB07VA9O/qcsHvp0Epk/JWWD6lJwFpk/JWWD6N3X5wLO+9Ck5DRyrB04CDx1fsN4lT8l5YPKUfILA5K07D0zeuuML1haByVt3IXAQeOTk/vJurB44VQ/M3brPEJi7dScXrHe5W/cZAnO37kJg7taVD7xdCByqB44Cg4FTZuDrhcDUrfsUgaljfCUwdeuuBKZu3acITN26S4GDwH23K4GjwMaBVw6sAgX+ThduFgT2Drxww5r7R4nATx94/qRJoMDfTOCnD3z7DIHlr7dSA2/Vf8VXAsfMwCt/lKQGXjlSD9UDM/uuHAhznyZeCMx9HnvhOJP89tZ5YPL7b+eBya84vp0GTgIPvZ4GjrmBt9PAoXpgbt/5aSH7/yFOx7h8YPl/eUn/r6azH+GQHXjyI0z/DZ/9CKfsvC8nY5Idd3d0aE3/v7qHgx/hmN32bndOhuyyf+38lrOznm3kFfiGebb6IKZPyNLigzhm96zNPojZMduqfvw+PD6INb6cd7wM2QUAAAAAAAAAAAAAAAAAAAAAAAAAAAAAAAAAAAAAAAAAAAAAAAAAAAAAAAAAAAAAAAAAAAAAAAAAAAAAAAAAAAAAAAAAAAAAAAAAAAAAAAAAAAAAAAAAAAAAAAAAAAAAAAAAAAAAAAAAAAAAAAAAAPBf+AcC6Tj3NqtoqgAAAABJRU5ErkJggg=="
"3OEWW2KGRPKFBHD7SVVZPXKNIF7DO2","33SU42CZVS6CZTSHEOGSYZHNGQW77E","Outline the Humerus bone within a surgical x-ray","(GRADED!) We need high quality semantic segmentations (outlines) of the humerus bone. Please refer to the Full Instructions for examples and details before working.","semantic segmentation, image, labeling, medical, x-ray, single item","$0.10","Wed Jan 17 12:45:44 PST 2024","10","BatchId:5176945;OriginalHitTemplateId:928390902;","14400","259200","Thu Jan 18 17:45:46 PST 2024","","","3KIBXJ1WDC3QB7HBAEMOHUB4JY1OKC","A26MRON9XGPVB5","Submitted","Wed Jan 17 13:42:15 PST 2024","Wed Jan 17 14:01:34 PST 2024","Sat Jan 20 14:01:34 PST 2024","","","","1159","95% (41/43)","95% (41/43)","100% (14/14)","https://fluoros-mturk-instructions.s3.amazonaws.com/Humerus/Batches/Test_Instructions/007_061053.png","1280","1280","#2ca02c","iVBORw0KGgoAAAANSUhEUgAABQAAAAUAAQMAAAAiKm20AAAAAXNSR0IB2cksfwAAAAZQTFRFAAAALKAsCO/WQQAAAAJ0Uk5TAP9bkSK1AAAGfklEQVR4nO3bQW7jRhBAURkGMstss9NRdDTxaDwKj5BlFkEUcGTDEimSA9SiqjzvneADbrKrm/LpBAAAAAAAAAAAAAAAKf7IDtj1frv9l92w7e02Kxt4+1Az8Hq7FQ788/aoYOCPp8Bbds6awCiBUQKjFoFDds/Ku8AggVHdAsfsnhWBUW8CgwRGLQKn7J4VgVHlA08Co5oF/p2dsyYwSmDUtVfgP9k5awKjBEYJjLo8Bf6bnbMmMEpgVLPAgt9jyweeBQYJjGoWWPB7rMCoPwUGdQscsntWBEYJjCr/y55ugWN2z4rAKIFR3QKn7J6Vd4FBAqMERi0C632PLR/4JjBIYNQisN7nToFR5QNPAqOaBRb8HiswSmDUVWDQc2DB77ECowRGXXoFFvweKzBKYNRZYNAicMjuWREYJTCq/M8+FoFjds+KwCiBUeUD/aoiSmCUwKjygeV/EyAwqltgvY91AqMWn9zrfSgRGLUIrHeLLjCqfODii3bBK1aBUYvAIbtnRWDUInDM7lm5CgxaBE7ZPSsCoxaB9c6d5QMvAoMWgfUOxgKjFoH1DsblA8/NAuudOwVGLQLrnTsFRi0+udc7dwqMahc4ZgctCYxaBk7ZQUsCo5aB5c6dAqOWgeXOnQKjloHlzp0Co9oFljsYC4xaBpY7GAuMWgUO2UULAqNWgWN20YLAqFXglF20IDCqX2C1g7HAqFVgtYOxwKhVYLVzZ7/Aase6foHVTk0Co9aBQ3bSs4aBY3bSs4aBU3bSs/KB51VgsYm1YWCxgVBg1Dqw2MTaMLDYxNowsNhA2DFwyG560jFwzG56IjDqReCU3fSkY2CtibVjYK2BsGNgrYGwY2CtgbBjYK2BUGDUq8AhO+pRy8AxO+pRy8ApO+pRy8BSA2HLwFIDocCoV4GlJtaWgaUm1paBpQbCnoFDdtWDl4FjdtWDnoFTdtWDnoGV5q2XgZWmhUvLwErTQs/AStPCy8BKm3HTwCE760vTwDE768v1ZeCUnfWlaWChaaFpYKFp4WVfpc24aWChaaF64NvrwDrTwlbgkB32qW3gmB32qXzg+0bglB32aSuwzGbcNrDMtLAVWGYz/tE1sMxm3DawzLSw/qewD0N22Ye+gWN22Ye+gVN22YfzVmCVzbhvYJVpYTOwymZ8aRtYZTPeDKyyGW8HDtlpd9uBY3ba3bVv4JSddrcdWGQr2Q4sspVsBxZ5U2/21Q8sspVsBxbZSnYCh+y22db95WzMjpu1Dpyy42Z7gSW2kq3rwVmJrWQvsMSbunVgia1k83pwlh032w0csutOB4Fjdt2pQeDm7dtsyq47HQRW2Ep2AytsJbuBFd7U59aBFbaS3cAKW8l+4JCdt3e5NRuz89oHTtl5R4EFtpL9wAJbyXU3sMCbunlgga1kP7DAVrLfV2ArOQgcs/vaB07ZfXuXW7P0reQoMH0raR+YvpXsXW61CEzf644C0/e68oG7l1uzQWAwcBS4b/dyazYJDAZmjzOHgdnTwrl9YPa00D8we5y5tA/MHme+QeBQPXDMDbz2D5wEBgOTx5lvEJg8znyDwORx5jgweVq49A9Mnha+Q+AgcM/5OHCsHjgJDAbmTgvlAw8vj7KnBYHfPvDwEj17IBQoMDvw8Gtn9swvUGB24NHPUmYCBWYHDqmFAgVmB16PA0eBAn/rwMtx4CRQYHKgK1aBv3dg+StWgQKzA3/h9ij3ivUXTu7lf5iSHHiuHnh8z5/8y5njpyT71/KHgVNy4OUocEgOPHpVZ/8W/fApyV6Ch6/qKTvw6FU9ZPcdvKrTl+DRU5K+BI9e1VN23ungVT1k1532X9UFluD+U5L9T1c/7b2qs/8z8W4ncMxu+2nnRZOddre925VYgqed57jGEtx5V4/ZZZ+upZfgafMxqbIET1tvmipL8LS1m4zZWV9ePybZVY8utZfg6w250BI8vXxMxuymJy/eNNlJz9YbcqkleHrxmGQHLS3fNGN20MrzKqz1CN89/pGrLcC7wgvw7msZDtkpGz6X4ZQdsun8s6/Ahcym663IdcKWt8IL8O5H4QV491d2AAAAAAAAAAAAAAAAAAAAAAAAAAAAAAAAAAAAAAAAAAAAAAAAAAAAAAAAAAAAAAAAAAAAAAAAAAAAAAAAAAAAAAAAAAAAAAAAAAAAAAAAAAAAAAAAAAAAAAAAAAAAAAAAAAAAAAAAAAAAAAAAAMDsf/X7Go4NPJbIAAAAAElFTkSuQmCC"
"3OEWW2KGRPKFBHD7SVVZPXKNIF7DO2","33SU42CZVS6CZTSHEOGSYZHNGQW77E","Outline the Humerus bone within a surgical x-ray","(GRADED!) We need high quality semantic segmentations (outlines) of the humerus bone. Please refer to the Full Instructions for examples and details before working.","semantic segmentation, image, labeling, medical, x-ray, single item","$0.10","Wed Jan 17 12:45:44 PST 2024","10","BatchId:5176945;OriginalHitTemplateId:928390902;","14400","259200","Thu Jan 18 17:45:46 PST 2024","","","3PH3VY7DJS6T5BPZ11G8L3C3Q9WWZ1","A2RVSBEHUCNC6K","Submitted","Wed Jan 17 16:05:45 PST 2024","Wed Jan 17 16:09:57 PST 2024","Sat Jan 20 16:09:57 PST 2024","","","","252","100% (3872/3872)","100% (23/23)","100% (8/8)","https://fluoros-mturk-instructions.s3.amazonaws.com/Humerus/Batches/Test_Instructions/007_061053.png","1280","1280","#2ca02c","iVBORw0KGgoAAAANSUhEUgAABQAAAAUAAQMAAAAiKm20AAAAAXNSR0IB2cksfwAAAAZQTFRFAAAALKAsCO/WQQAAAAJ0Uk5TAP9bkSK1AAAHIElEQVR4nO3dwY3cSBJA0RJ00FEmlCllWtE0mkIT5jiHxc6iBUldLGYzC4odRETjPQMGH1JnZjBJ9Vwuf+r2z7vtj/8r/6Jrp8C/smNGBEY9Bv6dHTMiMOr7Q+B/smNGWgX+NztmRGDUY+A/2TEj3wQG7QKX7JqBXoFrds2AwKivj4Fbds1Ar8CKM7/AqF1gxZm/fOCXVoEVH0oERgkMExglMEpgVPnAu8AggVECo8oH3gQGCYwqH3gVGCQwqlVg+dedAv+EwKjygb3eaGfHjPQKXLJrBgRGfW0VuGbXDAiMKv/RwheBQb0CK35VITDsMbDiVxUCwx4DS959CIy6dwos+eQuMOoxsOSTe/nAW6vAJbtmQGBUr8A1u2agfOBVYFCvwC27ZkBg1HeBQbvAipczAqMERn1rFVjx/k1glMCo3dvEiheEAqMERu0CK16xlg/8IjBIYNQusOItevnAi8CoXoFLds2AwKjygXeBQbvANbtmQGBU+cCbwKBegVt2zYDAqPKBV4FBAqN6BVZ8WVf+dafAKIFRAqN2gRXfx5Z/YSwwSmCUwKhdYMVX7gKjBEYJjOoVWPGjBYFRAqMERvUKrPhdSvnArwKDBEYJjNoHLtk5RwKjBEYJjNoHrtk5RwKjBEYJjGoWuGXnHAmMEhglMGofWPC7FIFRAqMERjULLPhdisAogVECo5oFFvwupVlgwTfazQILvgt7Clyyew66Ba7ZPQfdArfsnoOnwHozf7fAetNCt8B600K3wHrTwlNgvWmhXeCSHfSsXeCaHfSsXeCWHfSsXWC5caZdYLlxpl1guXGmXWC5eatdYLl5q1/gkl30pF/gml30pF/gll30pF9gtXnrS7vAavOWwKhDYLWBUGDUIbDaxCow7Dmw3EgtMOoQuGQXPREYdQhcs4ue9AvcsouelA+8twus9tQkMOoQWO2pSWDUIbDaU5PAqENgtacmgVGHwGpPTQKjjoFLdtJew8A1O2mvYeCWnbR3DCw2UjcMLDaxNgwsNhAeA4uNMw0Di00LHQOX7KadjoFrdtPOIHDLbtrpGFhrWugYWGta6BhYa5wZBNaaFjoG1poWWgYu2VGPWgau2VGPRoFbdtSjQV/9wFLTQsvAUtNCy8BS48wosNS00DKw1LQwDFyyqx70DFyzqx4MA7fsqgfDwEpn3TCw0lEyDKx0lPQMrHSUDAMrHSXjwCU76904cM3OejcO3LKz3jUNLHSUjAMLHSXjwEI79Tiw0E49Diy0U3cNXLK7fvsgcM3u+u2DwC2767cPAuvs1B8E1tmpuwbWOUo+CKxzlHwQWGenbhu4ZIf90jZwzQ77pW3glh32S9vAMtNC28Ay00LbwDLjTNvAMvNW28Ay81bfwCW77Ke+gWt22U99A7fssp/6BlaZtwRGfRhYZSDsG1hkIDz89rw+gUUGwsaBRQbC8oGHX1b8bslu+6Fz4Jrd9kPnwC277YdvjQNrzFudA2vMW+UDv38cWGPe6hxYY97qHFhj3rp2Dlyy496cBa7ZcW/OArfsuDetA0tMC7eTwBKH8VlgibPuLLDEUXIWWGKnPg1csusu439B3idwza67TAK37LrLJLDCTn0aWGGnPusrsVOfBlbYqXsHVjhKzgOX7LyzO/Q3a3bfLHDL7psF5u/U3QPzj5KTO/Q3+UfJJDB/p54E5u/Us8CleuCaHXhyh94jcKsemL5TzwLTd+pZYPpOPQtM36nPLvl/EBgNXJIDr7PAtXrgVj0we6cuH3hrH5h91vUPzD6M7wL/7cDscWbWVz8we5wRGDS53HqzCAwGrqmBs6sZgf+HwE3gmdnFQofA3Jn/MwTmzvzTmw+B8cDcmf8zBObO/OUDr58gMHfm/xSBi8DPHrhmBt4+Q+Am8LMHps78nyIwdaS+Vw8s/yf4SmDqzF8+8PpCYOpILTDqhae63Jn/lcDUP8EXbrcE9g584RJdYO/AF97V1Q9MHRbKB77wxl3gubvAzx54qx5Y/k1O+dedL+zUyd9glg+8VQ+8Vg+cr5LkwPnImv2hcvnA+yww+2P56yxwSw6cHnbZgdNVsiYHTlfJkh14nwRm900Pu+y+2SrJ/lZ+ethl/3OI6UiYHzhZxtkn3WW2SrJPusvssNuy82bLeMvOmx12a3beZBnnb4OX88OuwBo5X8Zrdtyba/G/4fq/1bv8/zxgeNit2VGP7lV/+H65HQO37KadwWGXnbR3XMY1Vu9vh2VcYErdq/0XfDks4zW752C/jIv9AL7ZLeNyP4CXp2WcHXPma8kfQAAAAAAAAAAAAAAAAAAAAAAAAAAAAAAAAAAAAAAAAAAAAAAAAAAAAAAAAAAAAAAAAAAAAAAAAAAAAAAAAAAAAAAAAAAAAAAAAAAAAAAAAAAAAAAAAAAAAAAAAAAAAAAAAAAAAAAAAAAAAAAAABj5H2ryFn3G2Ku7AAAAAElFTkSuQmCC"
"3LCXHSGDMZFZ1FJ0V7NSFKC9FGBSE7","33SU42CZVS6CZTSHEOGSYZHNGQW77E","Outline the Humerus bone within a surgical x-ray","(GRADED!) We need high quality semantic segmentations (outlines) of the humerus bone. Please refer to the Full Instructions for examples and details before working.","semantic segmentation, image, labeling, medical, x-ray, single item","$0.10","Wed Jan 17 12:45:44 PST 2024","10","BatchId:5176945;OriginalHitTemplateId:928390902;","14400","259200","Thu Jan 18 17:45:46 PST 2024","","","308XBLVESPDSFH5XWTQZCMXJ7RCRB4","A26MRON9XGPVB5","Submitted","Wed Jan 17 13:42:16 PST 2024","Wed Jan 17 14:02:54 PST 2024","Sat Jan 20 14:02:54 PST 2024","","","","1238","95% (41/43)","95% (41/43)","100% (14/14)","https://fluoros-mturk-instructions.s3.amazonaws.com/Humerus/Batches/Test_Instructions/021_221042.png","512","512","#2ca02c","iVBORw0KGgoAAAANSUhEUgAAAgAAAAIAAQMAAADOtka5AAAAAXNSR0IB2cksfwAAAAZQTFRFAAAALKAsCO/WQQAAAAJ0Uk5TAP9bkSK1AAAB6klEQVR4nO3cQW6DMBRF0SAqMfQSvBSWZpbmpbCEDjuo6laKGjAzv/8VQ3Lv3EchxMaAlNuNiN6lD+P4+G0bn4oJGEoxAePf+PKljw/l8sAEAAAAAPBKwAgA8AA+AQAArg8MAAAAAAAAAAAApwUMd21m4Cw3ngAAAABnAJweyhreNwIAnAn4AQCwAcEHKAAA5wAWAAATEJ2ADABgAmYnYAV4byDdAf2ZKMArAfpDlAIwdAdGL0B+AmEGpusD4TSAfPserw/MXoB852kGUneguAFLJ2C4PjA+gNwJmLoDwQ9YNSB2B2Y/QNwopu5A6Q1ss1ncZZmB0QpM3YFtMop7HDOwTUZxg2AGtskoXl3NQPIEFgUonkAWxg+uwCoAoyugrGmTK6AsCKE7EPeAsqKYgXkPKCuKGUh7QFkQzEA1XlgQBmcgNwNjd2CqgfX5QOgOxO7A7AzkZiB1B4ozsLSOH64PHJaD9kXVDEzdgcNy0H5pMwOxBtov72ZgroH2LY4ZSDXQvk/0BtbnA4fTmJuBYAUOk2lpBsxbpHpVVna61WnIAhCNH6A6DasC7L5F8fXC9iWIz7G2Y9DGb8cgvyyc9R/RvWD8AP/HkGXgfgzG/zojIiIiIiIiIiIiIiIiIiIiIiIiIiIiIiLy6BeDL+XyAzuExgAAAABJRU5ErkJggg=="
"3LCXHSGDMZFZ1FJ0V7NSFKC9FGBSE7","33SU42CZVS6CZTSHEOGSYZHNGQW77E","Outline the Humerus bone within a surgical x-ray","(GRADED!) We need high quality semantic segmentations (outlines) of the humerus bone. Please refer to the Full Instructions for examples and details before working.","semantic segmentation, image, labeling, medical, x-ray, single item","$0.10","Wed Jan 17 12:45:44 PST 2024","10","BatchId:5176945;OriginalHitTemplateId:928390902;","14400","259200","Thu Jan 18 17:45:46 PST 2024","","","34V1S5K3GZAG55SG6L95ALBXN5R699","A2KJ983WWTEK4L","Submitted","Wed Jan 17 16:56:47 PST 2024","Wed Jan 17 16:59:46 PST 2024","Sat Jan 20 16:59:46 PST 2024","","","","179","100% (1203/1203)","100% (77/77)","100% (54/54)","https://fluoros-mturk-instructions.s3.amazonaws.com/Humerus/Batches/Test_Instructions/021_221042.png","512","512","#2ca02c","iVBORw0KGgoAAAANSUhEUgAAAgAAAAIAAQMAAADOtka5AAAAAXNSR0IB2cksfwAAAAZQTFRFAAAALKAsCO/WQQAAAAJ0Uk5TAP9bkSK1AAAB2klEQVR4nO3ZMW7EIBBAUSMKSh/BR+FocDSOwhFSpohCkk2UtV2FGaTBzv89T7teMYvtZSGiP5V1y13TAa7pAN90QGg64LH+2oAHAAAAALgT4CYBCgAAAMAPUAFMgQUAYBzwAgAAALAs6Qt4BQAAAAAAALgb8AagAhoAAMAcgAMAALgL8P3K9B3AFAgAemB9AA3AFNhuA2Q7IAJMAKRBQPnPQAMYBlTpegegB/x9APEbS3sgXB9YzYFtFCB+Nq4G4vWBZA60aQDpIwx3fcCbA2EeQHr/v84DSO88t3FAlgFxHFCMgPQLVHNA+O/axgGysewGArKBoAb8E5DtZzUQnoBsP6uBVQtsOyCbAHEHFBMg7YAqAdpIQDIQ3FBAMhD8UEAyEIIW2O8l0UBQA9sekOxnNRAPQDYA0gEo/UAbC9Tu9c4c8OZA0AKrObCZA9EcSFqgWQPOHPDXB8J0QPcZRw2c5kn/VzgDWQv0rj8PpP4z0gnoP+adgKoFSjcQlT/CCRCc8o6A4KCaDoDgtH/8BLUfOPwK6pOy4AMctrPo6cF+JhYJMPL5RxYBz//GKluvf7cQNRfguwegWP95IYtqORERERERERERERERERERERERERERERER0Tx9APLjr8Zz7ZOPAAAAAElFTkSuQmCC"
"3LCXHSGDMZFZ1FJ0V7NSFKC9FGBSE7","33SU42CZVS6CZTSHEOGSYZHNGQW77E","Outline the Humerus bone within a surgical x-ray","(GRADED!) We need high quality semantic segmentations (outlines) of the humerus bone. Please refer to the Full Instructions for examples and details before working.","semantic segmentation, image, labeling, medical, x-ray, single item","$0.10","Wed Jan 17 12:45:44 PST 2024","10","BatchId:5176945;OriginalHitTemplateId:928390902;","14400","259200","Thu Jan 18 17:45:46 PST 2024","","","37M28K1J0XM6YJHSIAHUFKRMFTZJAD","A308VDNYF180ZF","Submitted","Wed Jan 17 18:14:41 PST 2024","Wed Jan 17 18:16:35 PST 2024","Sat Jan 20 18:16:35 PST 2024","","","","114","100% (962/962)","100% (58/58)","100% (44/44)","https://fluoros-mturk-instructions.s3.amazonaws.com/Humerus/Batches/Test_Instructions/021_221042.png","512","512","#2ca02c","iVBORw0KGgoAAAANSUhEUgAAAgAAAAIAAQMAAADOtka5AAAAAXNSR0IB2cksfwAAAAZQTFRFAAAALKAsCO/WQQAAAAJ0Uk5TAP9bkSK1AAAB0UlEQVR4nO3ZQW6DMBBA0SAWLDmCj+Kj4aP5KByhyy6quqoaEhuprWY80gT4fx3eAjvjQG6331vKd+mPT/wTAAAAAAAAAAAAAAAAAAAAAAAAAAAAAMDRgAIAAAAAcCJgAAAAAAAAqBoBAAAAAACqJoAXAGYjIB8YCMcHIsD9vfS1gfIqwOoGDADb4XwG4E0LTADb0XhpINyB9wsDEWA7W/uBj+MCxQr4PCywna2lnABIOmB0B6YHkJ2A2R0ID2B1AqIdoDyeFztAOdeLHaCbqoMhoBuKoyGgm2mTOzBXQHIBQgVkFyBWwOoOqAbCYgmoBkKxBDQDYXAH6nGgmijdQD0OVAOhG5gbIDkAwRbIciD2AksDrA5A6QSGFpCPpG5gbAH5SJqMAflEmXuBYAzIR1LsBRZ3oOySXj+4A+P5APEy7gHxd8EcEA+U/T6Qz0RrYBUDSwtkMRB7gdACSQy0Y13xK63dCJofmp2ruFuGVQE0dzErgOZsU1zfLIPq6b1eBtUDS/19VD1z1UDWAPVGSCrguRGUr8Zj1za61TtJd/1zJ2n/4HgASQlsW1H978LYsY1/Cj13kIiIiIiIiIiIiIiIiIiIiIiIiIiIiIiI6FR9AfjoXfIyxNXxAAAAAElFTkSuQmCC"
"3LCXHSGDMZFZ1FJ0V7NSFKC9FGBSE7","33SU42CZVS6CZTSHEOGSYZHNGQW77E","Outline the Humerus bone within a surgical x-ray","(GRADED!) We need high quality semantic segmentations (outlines) of the humerus bone. Please refer to the Full Instructions for examples and details before working.","semantic segmentation, image, labeling, medical, x-ray, single item","$0.10","Wed Jan 17 12:45:44 PST 2024","10","BatchId:5176945;OriginalHitTemplateId:928390902;","14400","259200","Thu Jan 18 17:45:46 PST 2024","","","3GLB5JMZF44U5OU3UENT887C85CGD7","A234WZ4KX8IW07","Submitted","Wed Jan 17 21:49:50 PST 2024","Wed Jan 17 21:51:40 PST 2024","Sat Jan 20 21:51:40 PST 2024","","","","110","100% (852/852)","100% (68/68)","100% (49/49)","https://fluoros-mturk-instructions.s3.amazonaws.com/Humerus/Batches/Test_Instructions/021_221042.png","512","512","#2ca02c","iVBORw0KGgoAAAANSUhEUgAAAgAAAAIAAQMAAADOtka5AAAAAXNSR0IB2cksfwAAAAZQTFRFAAAALKAsCO/WQQAAAAJ0Uk5TAP9bkSK1AAAB2klEQVR4nO3ZS07DMBRA0UZB8gQpS/AWWACSl+YsLUvJEhgyQJjSltC4o/eRXLf3zt8RJfjTcDgQEREJejfMxnLsCwAAAAAAAAAAAAAAAAAAAAAAAAAAAOC5gG8AgO6BBAAAAHApuwAFAADgAYDTfJkBWgIDgB0YnYDlmYEAYAcmgD9gVQMRwA4kJ+DjmYHcP3CeL5/9AkP/wOgFqF9tm4HQPzDdDaB+CxP7B1L/wGVT1n/7bg+U7oFhA+ZegdEPWBoBwQ9YdcDUPxA3QHnPMwPJD1DecfIdAcrzvbQG/jck5dnWHhgdAd3JEpoD0xUwa4DYHEhXwKIBcnPgal63r1uBwQqMroDmYAhWYHIFNAdDdAU0+3pyBTS7arYCZVcDYHAGZjEwOgOLGAjOwCoGJmdAviFEK5D2gHxDMAO5OVBaA4MVqNaSfFcN1p/ADExWIHoD4sWUrED2BlYpUM2LN9X6L1l8LtwAwvkbQHy814B4LdWL0byaVysgna8B+SWt+iWuRkBxT90Dmqv2DliswKwAsukhVsBqBHSvcNI2/aaa33blVTf+f7DMWiBYPv9v4+nhvarnj49B/9/qcy/GeSIiIiIiIiIiIiIiIiIiIiIiIiIiIiIieqB+AA8bVqaN8c4oAAAAAElFTkSuQmCC"
"3LCXHSGDMZFZ1FJ0V7NSFKC9FGBSE7","33SU42CZVS6CZTSHEOGSYZHNGQW77E","Outline the Humerus bone within a surgical x-ray","(GRADED!) We need high quality semantic segmentations (outlines) of the humerus bone. Please refer to the Full Instructions for examples and details before working.","semantic segmentation, image, labeling, medical, x-ray, single item","$0.10","Wed Jan 17 12:45:44 PST 2024","10","BatchId:5176945;OriginalHitTemplateId:928390902;","14400","259200","Thu Jan 18 17:45:46 PST 2024","","","3SBEHTYCWUCBZQVPGYAA65UT55MYIZ","A1Y0ABOUJUMCWW","Submitted","Wed Jan 17 19:24:28 PST 2024","Wed Jan 17 19:25:14 PST 2024","Sat Jan 20 19:25:14 PST 2024","","","","46","100% (2/2)","0% (0/0)","0% (0/0)","https://fluoros-mturk-instructions.s3.amazonaws.com/Humerus/Batches/Test_Instructions/021_221042.png","512","512","#2ca02c","iVBORw0KGgoAAAANSUhEUgAAAgAAAAIAAQMAAADOtka5AAAAAXNSR0IB2cksfwAAAAZQTFRFAAAALKAsCO/WQQAAAAJ0Uk5TAP9bkSK1AAAB4ElEQVR4nO3bsW2EMACF4SAKSkZgFI9mRvMojJAyRRQi3XEBX+f3rBjQ//f+lHNiY+Dy8UFERERERERERERERERE9F6XXODLBVYbSC5gfoZuXWcX+HSBHxdYFxf4dgFrGh+AM40PwPlrfAKLCxjTCAAAcDPA2NkBAAAAAACO9QAbYJz32wMDwAmA8TbAfGFgArgDEJ5AAmgJxOsDz/HG0zgX6K4P9NcHhubAdmXTH023B6brA6E5EGsB8tsqG1gvD7y2RPmprA305wHUm+fh+sBrS5RvmmxgOhEwa0BoDsR6QNKAtTXQVQQWCeibA0NFQLs828C+n4jXNhvYtwPxymIDYQe0fd0G4g5ou+oRmBVgrQkkYXxXFVgEoD8CymoaqgLKahpdYDoCymqygXAElNWUAcpqii6QjVdWkwt0OZD+H+hzYCkGhubAmAPl63lqDoTKQPmOEl0gHy98BBfomgO9CwzNgbe1VL4abWCqDaRSIJwOmEuBWBsoHf++mssPGG+AvZ8sLjCbgHBEygHhmOhOQQ4oh7xo/gAZIN01HoFkAtqN8wGYJSD8jRffDeyANr7W2xHj21iT/PvbGuXp3+rt/+LxhhMRERERERERERERERERERERERERERER0a36BRd+Z8Zh+7tLAAAAAElFTkSuQmCC"
"3LCXHSGDMZFZ1FJ0V7NSFKC9FGBSE7","33SU42CZVS6CZTSHEOGSYZHNGQW77E","Outline the Humerus bone within a surgical x-ray","(GRADED!) We need high quality semantic segmentations (outlines) of the humerus bone. Please refer to the Full Instructions for examples and details before working.","semantic segmentation, image, labeling, medical, x-ray, single item","$0.10","Wed Jan 17 12:45:44 PST 2024","10","BatchId:5176945;OriginalHitTemplateId:928390902;","14400","259200","Thu Jan 18 17:45:46 PST 2024","","","3UXUOQ9OKL6DEOGQH1SXCUMDOXJ7AC","A2RVSBEHUCNC6K","Submitted","Wed Jan 17 16:08:33 PST 2024","Wed Jan 17 16:23:01 PST 2024","Sat Jan 20 16:23:01 PST 2024","","","","868","100% (3872/3872)","100% (23/23)","100% (8/8)","https://fluoros-mturk-instructions.s3.amazonaws.com/Humerus/Batches/Test_Instructions/021_221042.png","512","512","#2ca02c","iVBORw0KGgoAAAANSUhEUgAAAgAAAAIAAQMAAADOtka5AAAAAXNSR0IB2cksfwAAAAZQTFRFAAAALKAsCO/WQQAAAAJ0Uk5TAP9bkSK1AAACMElEQVR4nO3aQXKjMBBGYatYsOQIHIWjiaPpKBxhlrNIxckkHoOYlfrvSsvMe3u+qjgtIYxvN6KrN92/+gUA0AWwAVwBKABXANY4YAboAIifg+sABaADYAPoAOCcyCHLBVjjgLEXwHz9dYD3VwYGAIAugPQFvAF0APz+r4FbJ4D9oArwBDYAHSgAOrACAAAAAAAA+AIFQAGSD7AB6IDwyDMAdAMIj/8jQDeA8F3aBOAFCN8rxwMzgBcgvKyTgQXADVjjgAygA9/XCw8Mrw8kgMdJV3jmcQPMx3U3wHzSfPwMxX5IcgPMt2c3wHxnmV4fmP8CaxSw9AMUI5DDgbsbsAUBKRwYnoBxW5aBMRyYVGAOB5ZwIIcDz+utBwQVSCqwryXjCUMG9rVkPGHIwL4Yjfd3GZgPwGoBlgNQQoB8ADYLcPcELOs5qcBwBCzLcQwHjpNsWs+zCiyugGVDyCpwrwoAkjOwNgNDODDWQGkGpnBgroHt54GlBto3xVwD7VuSDNTXG3aUE9C8ISRvoHk9D+7AqgLlp4F/PsRW4DwH7UAWP0QdWMQ5OG8o7cBpT2y/u8rA6b7Qvh+cRrF9R0oqcBpFw1E1+wKlHahHsf16/aBZTZLluF9NUjEA1SQZrq8myfTwncS/wOEbkH2SbNfvk2R9PzG7AdZ3NJMKPP8N8nsq+0+qsn0lffdYDpsZeBgS8EcoEvCZDBARERERERERERERERERERERERERERERUWwfL/ANIsYUv8oAAAAASUVORK5CYII="
"338GLSUI59KR7TJWQI7YX2X9RHQSFP","33SU42CZVS6CZTSHEOGSYZHNGQW77E","Outline the Humerus bone within a surgical x-ray","(GRADED!) We need high quality semantic segmentations (outlines) of the humerus bone. Please refer to the Full Instructions for examples and details before working.","semantic segmentation, image, labeling, medical, x-ray, single item","$0.10","Wed Jan 17 12:45:45 PST 2024","10","BatchId:5176945;OriginalHitTemplateId:928390902;","14400","259200","Thu Jan 18 17:45:46 PST 2024","","","39PAAFCODT9K4AGV5ZMUDDS8Y5QVTU","A308VDNYF180ZF","Submitted","Wed Jan 17 18:10:22 PST 2024","Wed Jan 17 18:12:25 PST 2024","Sat Jan 20 18:12:25 PST 2024","","","","123","100% (962/962)","100% (58/58)","100% (44/44)","https://fluoros-mturk-instructions.s3.amazonaws.com/Humerus/Batches/Test_Instructions/024_110911.png","1280","1280","#2ca02c","iVBORw0KGgoAAAANSUhEUgAABQAAAAUAAQMAAAAiKm20AAAAAXNSR0IB2cksfwAAAAZQTFRFAAAALKAsCO/WQQAAAAJ0Uk5TAP9bkSK1AAAGu0lEQVR4nO3dUW4byxVFUQsOoE8NgUPh0MihcSgcQj7zETwFL5bFbnY1IPkgqNPIWgMwNiy0+t5igfrx48+d3z/9Ffwz/zsngaFF4L9ntwwJTAlMCUwJTNUHvgkMCUwJTAlMCUwJTL0KDAlMCUwJTAlM1Qf+fAR2nrAuAt9ntwwJTAlMCUwJTAlMvQgMCUwJTAlMCUwJjAlMCUwJTAlM1QdeBIYEpgSmBKYEps4CQwJTAlMCU/WBJ4EhgSmBKYEpgak3gSGBKYEpgan6wFeBIYEpgSmBqfrAnwJDAlMCUwJTAlMvAkMCUwJTAlP1gT8EpgSmBKYEpgSmLgJDAlMCUwJTj8Dr7JSxs8CQwJTAlMBUfeDpM/A2O2VMYEpgSmBKYKo+8HFH9D47ZUxgSmBKYEpg6vU4gf+cnTImMCUwJTAlMPXzOIH/mp0yJjAlMCUwVR/4IjD0COz8Q00CYwJTAlP1gT+OE9j5B+sE5gSmBKbqAy8CQ5+B/deAZ5fsEJgSmKoPPAsMHSjwOjtlTGBKYEpg6iQwdKDA2+yUMYEpgan6wDeBIYGp+nvKAlMCU/WBB7rMf5+dMiYwVX9PWWBKYOpAd+UF/hmBqfqL1AJT9YEHuoou8M8ITB0osPSessBUfeCB7soL/EMCU8cJbL2nLDAlMCUwJTBVH3j5LJxdskNgSmBKYEpg6kCB19kpYwJTAlNngSGBqUfgbXbKmMCUwJTAlMDUgQLvs1PG6gNPAkMCUwJTAlOPwNJrwAJTAlMCU28CQwcKLL0GLDAlMPUILL3hKDAlMPUILL28JTD1KjD0CCy9lyIwdaTA6+yWIYEpgalF4G12y5DAlMDU45sgSj8oEZg6UmDnEavAlMDUIrDziFVgSmBqEdh5xCowdaTAzhNMgSmBqUVg5xFrfeCLwNChAq+zY0YEpg4VeJsdMyIwJTC1DLzPjhkRmBKYWgZWHrEKTB0qsPIEU2CqPvDHkQI7j1gFpgSmFoGdR6wCU0cK7DzBFJgSmFoGXmfHjAhMCUwtA2+zY0YEpuoDL4vA++yYEYEpgallYOURq8CUwNQysPKIVWDqUIGVJ5gCUwJTy8DKI1aBKYGpZWDlEetZYOhYgdfZNQMCUwJTq8Db7JoBgSmBqVXgfXbNgMDUKrDxgFBgahXYeP4mMLUKbDw9Epg6LQMbzz4EplaBjUcLAlPrwOvsnC2BqXXgbXbOlsDUOvA+O2dLYGodWLjWCUytAwvXOoGpdWDhWicwVR94XgUW7p0CU5dVYOHeKTD1FHid3bPxLjD0FHib3fPsRWDoOfA+O+jZT4Gh58C6vbM+8PVogXV7Z33g29EC69a6+sDT0QLr1jqBqfNTYN1aJzB1eQ68zi56IjD13Fe31glMbQLvs4vWnvd2gd+1DSxb657XYoHfdcDAsr3zeW8X+F3bwLK983lvF/hd28CyvfMkMLQNLNs7B4HX2U0r5wMG3mY3rQwC77ObVi4HDOwaCAeBXePMtq8/sGtaGAR2vevaA7d7+3vXy3gYeJ1dtVAfuF2L37texsPA++yqhfrA7Vr83vUyHgY2veuOGdj0Mt7u7e9d77r6wNMosOllPA68zs56GAfeZmc9nI8ZeJ+d9VAfeBEYGvYJ/Ib2wOHOJPAb6gOHO5PAbxhO/AK/oT5wuJII/Ib6wJPA0FlgqD7wIjBUHzjuE/hlOxN/zzG/wNTOSiLwy+oDd1aSno+a6gN3Jn6BX1YfeDpqYM3nsfWBZ4Ghi8DQXmDNnYCdPoFftTfxC/yq+sC9ib/m4sxuYP3/YEvg3kpS8yapD9yb+Gsm6uMGtpwsnPYC77PLPhw38Da77MP5sIHX2WUfLocNnB32W33gXl/LMFMfuDvxtwwzu4Ets0J94O7E3zLM1AfuTvz32WUfjht4m132YXfiv80u+7AbeJ1d9uG0Fzg77LfDBrbMCrsTf31gy4tkd6C+zg77bSewZRo87tW32VkP476WaXV3oL7O7vo0Dux5RHYC77OzHsYT/+yqhWFgzyNy0K/5qJkT/jYKrJkT/jYKnN20MghsekSGgbfZTSv1X7K72du7fsDbwKK38C/PgbN7Np4Cr7N7NtaBt9k5W6vAsgf4v15Ln41Pr7U/2w+/Aqvml7Vfx4P32Rn7Xjp/+y1cSp/eT2+Vv54XXvrmgyfn3t+Bv/xjdgAAAAAAAAAAAAAAAAAAAAAAAAAAAAAAAAAAAAAAAAAAAAAAAAAAAAAAAAAAAAAAAAAAAAAAAAAAAAAAAAAAAAAAAAAAAAAAAAAAAAAAAAAAAAAAAAAAwP+3/wAGhJ9s2oLJngAAAABJRU5ErkJggg=="
"338GLSUI59KR7TJWQI7YX2X9RHQSFP","33SU42CZVS6CZTSHEOGSYZHNGQW77E","Outline the Humerus bone within a surgical x-ray","(GRADED!) We need high quality semantic segmentations (outlines) of the humerus bone. Please refer to the Full Instructions for examples and details before working.","semantic segmentation, image, labeling, medical, x-ray, single item","$0.10","Wed Jan 17 12:45:45 PST 2024","10","BatchId:5176945;OriginalHitTemplateId:928390902;","14400","259200","Thu Jan 18 17:45:46 PST 2024","","","3BXQMRHWK67GE01BRCBDVDVXQPKMUS","A26MRON9XGPVB5","Submitted","Wed Jan 17 13:42:12 PST 2024","Wed Jan 17 14:01:02 PST 2024","Sat Jan 20 14:01:02 PST 2024","","","","1130","95% (41/43)","95% (41/43)","100% (14/14)","https://fluoros-mturk-instructions.s3.amazonaws.com/Humerus/Batches/Test_Instructions/024_110911.png","1280","1280","#2ca02c","iVBORw0KGgoAAAANSUhEUgAABQAAAAUAAQMAAAAiKm20AAAAAXNSR0IB2cksfwAAAAZQTFRFAAAALKAsCO/WQQAAAAJ0Uk5TAP9bkSK1AAAHTUlEQVR4nO3dvY3jSBiEYe7JGHNCUCgKTQytQ2EIZ55x2DlI80OKbPYaZXxVh/eJ4AWEFqu5Guw0AQAAAAAAAAAAAAAAAAAAAAAAAP8/79UBA28fD9UVJz5+VJecIFB1J1BEoIpAFYEqAlUEqghUEagiUEWgikAVgSoCVQSqCFQRqLoRKCJQRaCKQBWBKgJVBKoIVBGoIlBFoIpAFYEqAlUEquwDrwSKCFQRqCJQRaCKQBWBqjVwrk7pI1BFoIpAFYGqNbBVp/QRqCJQRaDKPvCdQNEauFSn9BGoIlBFoIpA1Rr4d3VKH4EqAlUEqghUrYH/VKf0EagiUEWgikDVGvhvdUrfG4EiAlUEqghUrYG/q1P6CFQRqCJQdSFQtAaa/sKRQBWBKgJVBKoIVNkH/iJQlBQ4V7d0EagiUEWgikAVgSr7wIlAVVBgq07pI1BFoIpAFYEqAlV3AkUEqtbApTqlj0AVgSoCVQSq7ANvBIoIVAUFmv5h3ZVAEYGqNdD0j5rsA4P+LMw+0PTvNQhU2Qfa/5ifQBWBqjXQ9AeE9oH2v7JNCpyrW7oIVNkHbn681apbughUEajaBC7VLX0EqoICTd+/EaiyD7z/BJq+fyNQFRRo+v7NPvBGoCgo0PT9G4Gqa06g6fs3AlVJgXN1S9c7gaKkwFbd0kWgyj7wLShwqW7pIlCVFOj5/u1CoCgp0PP9G4GqXwSKNoGe798IVCUFmr5/Cwo0fXuUFDhXt3QlBbbqlq6kwKW6pSsp0PNSQqDqvgZ6TuqkQM9BmBToOQiTAj0HYVTgXB3TExXYqmN67ANvm8ClOqYnKtByb0UFWu6tqEDLvRUVaLm3ogIt9xaBqus2cK6u6cgKbNU1HVmBS3VNR1ag4yDMCnQchFmBjoPQPvB9G+g4CLMCHfdWWOBcnXMUFtiqc47CApfqnKOwQMO99RpoOGfesgIN50xYoOGcCQs0nDNpgXN1z0FaYKvuOUgLXKp7Di5hgX57Ky3Qb2+lBfrtrV2g35xJC/SbM3GBc3XQXlxgqw7aiwtcqoP24gLt5kxcoN2ciQu021txgXZ7Ky7Qbm/lBc7VRTuHwFZdtJMXuFQX7bzFBbrNmbxAtzmTF+g2Z/IC3eZMXqDbnDkGztVJrwIDW3XSq8DApTrpVWCg2Zw5BpqthcBAs7VgH/h+CDRbC4GBZnMmMXCubnrRCWzVTS8SA5fqpheJgV5zJjHQa850Ar3WQmKg11pIDPRaC5GBc3XUVmRgq47aunYCl+qorchAq7UQGWg1ZyIDreZML9BqLUQGWq2FzMC5umojM7BVV21kBi7VVRvdQKe1kBnotBYyA53mzC0y0GnOdAOd1kJo4FydtbpnBrbqrJV9YLfPac6EBvrMmV+hgT5zJjXQZ84c/lojJNBnb9kHHn9b9qm660ds4Fwd9q33L2ERga067Jt94PUkcKkO+xYbaLO3bqmBNnsrNtBmb91TA232ln3gSZ/P3soNnKvLPp3cOhMCW3XaJ/vAk1vnh83eCg402Vtnt86AQJO9FRxosrfOrsUBgSZ7yz7wehposreSA+fqtqdbcGCrbnuyD7wHBy7VbU/2ged9JoMwOdBjELoHnl+LTQZhdKDFIDy/FgcEWgxC+8DzW+eHxyDMDmzVddPo1pkQuFTXTQGB11Ggw97KDnTYW/aBt1Ggw97KDnTYW3cCRfaBoz6LQ5IdaPBFPbp1WjyLwwOX6rw/3Dr9A1t13p8C5+q8gMDhtdjh1Ud2oMNWGF6L7QMdtsIw0GAr+N86h4EGW8E/8DYKXKrrpj8Etuq6KSDwPgqcq+um9MDquAf7wFGfw1YYBjpsBfvA4bXYYStkBzpsheGtc6mum9IDW3XdFPDP2dk/CKiOexjdOi0exaNAhydddqDDk254LXZ40g0Dl+q4h1Fgq457uA0C5+q4h+jA6ran+3mfxYNkFGjxPT0KtPiejv4h/1Ld9uQeOLp1tuq4p0HgXN32dDsPrE77dD3t8/ie9v/j4vOLu0ng+TH2eJAMjrHHg2RwjJfqsi/Xs8BWXfbl9BjP1WVfTo9xddi302NcHfbj3u8zeZBMp8fY5Ht6Oj3GS3XXj5NXmHN114/+Mfb5hE+OscuD7qF7jOfqqo3eMfb5kpkC/r+/3jFu1VFbnWNs9Qn3jrHLmv5yPMatOunV8RhXF+0cjrHZJ3w8xq26aOdwjKuD9vbH2O0TPhzjpbrnYHeMq3OOXo+x0RT89nqMl+qco9djPFfndFy8P+HppdBqCq4u1p/ww3eh1xTculh/wg8X60/44WL9CT9crD/hh4vdFNz7qzoAAAAAAAAAAAAAAAAAAAAAAAAAAAAAAAAAAAAAAAAAAAAAAAAAAAAAAAAAAAAAAAAAAAAAAAAAAAAAAAAAAAAAAAAAAAAAAAAAAAAAAAAAAAAAAAAAAAAAAAAAAAAAAAAAAAAAAAAAAAAAAAAAAAAAAAAAAAAAAAAAAAAAAAAAAAAAAJL8B16uD7/CdMhVAAAAAElFTkSuQmCC"
"338GLSUI59KR7TJWQI7YX2X9RHQSFP","33SU42CZVS6CZTSHEOGSYZHNGQW77E","Outline the Humerus bone within a surgical x-ray","(GRADED!) We need high quality semantic segmentations (outlines) of the humerus bone. Please refer to the Full Instructions for examples and details before working.","semantic segmentation, image, labeling, medical, x-ray, single item","$0.10","Wed Jan 17 12:45:45 PST 2024","10","BatchId:5176945;OriginalHitTemplateId:928390902;","14400","259200","Thu Jan 18 17:45:46 PST 2024","","","3EKVH9QME5D4QUMWVZ2464DBYKPD2Z","A2RVSBEHUCNC6K","Submitted","Wed Jan 17 16:02:43 PST 2024","Wed Jan 17 16:15:05 PST 2024","Sat Jan 20 16:15:05 PST 2024","","","","742","100% (3872/3872)","100% (23/23)","100% (8/8)","https://fluoros-mturk-instructions.s3.amazonaws.com/Humerus/Batches/Test_Instructions/024_110911.png","1280","1280","#2ca02c","iVBORw0KGgoAAAANSUhEUgAABQAAAAUAAQMAAAAiKm20AAAAAXNSR0IB2cksfwAAAAZQTFRFAAAALKAsCO/WQQAAAAJ0Uk5TAP9bkSK1AAAHq0lEQVR4nO3dUY7qRhCFYRAPPLIElsLS7KX1UnoJecxDlBvBMNA23T1XOZHqlPJ/K/g1Fl1l45k5HAAAAAAAAAAAAAAAAAAAAAAAAP4jx18vf0a3dBGoIlDVBP4V3dJ1IlBEoKoJ/Du6pcs+8EygqAn8Fd3SRaDKPvCSKXCNjuk5EygiUNUGluiYHgJV9oGnTIE1OqaHQFWqwD+iY3rsA48EilIFWj5iJVBFoKwJ9HzESqCKQFUT6PkMmEDVQqCoCfR8BkygikCVfeCNQFGqwDU6podAFYGqK4EiAlUEqtrAEh3TcyFQRKCKQBWBKvv3UtrAGh3TQ6CKQBWBqlSvHtXomB4CVfYvbxGosg9M9XYZgf8GgapUgZavv9kHHtwvMYEyAlULgSICVQSqbgSKCFQ1gTW6petKoIhAFYGqC4EiAlUEqs6JAkt0SxeBKvvAE4EiAlUEqo4EighUZQpco1v6CFQRqLIPXAgUEagiUHUjUPQOjC4ZIFBlH3glUESgyj7wQqCIQBWBqjOBIgJViQLX6JS+E4EiAlX2gUcCRe/AEp3SR6DKPvBAoIpA1SuwRpcMEKiyD1wIFBGoegV6/l4dgToCVQSq8gR6/jkXAnUEqghU5Qn0/I96BOoIVBGoyhPo+U8TCdQRqLIPvBEoegW6vtlDoIpAFYGqRIFrdEofgSoCVQSqEgWW6JQ+AlUEqghUJQqs0Sl9BKregaYvLRCoegeafh9rH3jNE2j6VVOiQNOH1ASq3oGmz98IVDWBa3RLV6bAEt3SRaCqCazRLV2ZAj13fgJVTaDnzk+gqgn0vCnJFOi58xOoagI9d34CVW3gGh3TkyqwRMf0EKhqA2t0TA+BqjbQ8qYkVaDlzk+gqg20vClJFWi58xOoagMtd34CVZvANbqmI1dgia7puBEo2gTW6JqOTaDjSr0JdFwIN4GO+9Ym0HFbyBXoOIy3gWt0zqdtYInO+bQNrNE5n7aBhif1NtDwpN4GGp7UBKq2gYajJFmg4awjULULXKN7PhCoWraBJbrnA4GqXWCN7vmQLdBvpSZQtQv0uykhULUL9LspyRbod1NCoGoX6HdTQqBqH7hGB+0RqNoHluigvXSBNTpo7xeBon2g3U1JukC7nX//KbYPtNv5CVTtA+12/nSBdit1vsA1umgnX2CJLtrJF1iji3byBbothASqPgLdNtZ8gW4LYb5At4UwX6DbQpgwcI1O2koYWKKTtghUfQbW6KQt+8DbR6DZQpgw0GwhTBhothAmDDRbCBMGmi2EBKo6gWt000bGwBLdtJExsEY3bWQM9FoIMwZ6LYQZA70WQgJVnUCvjTVjoNdCmDJwjY5q9QJLdFQrZWCNjmpdO4FW60zKQKt1phdoNYxTBloN416g1azrBq7RVY2cgSW6qtENrNFVjZyBTrOuG+g067qBTqMkZ6DTrOsGOs26pIFrdNZbP7BEZ731A2t01lvSQKNZ1w80mnVJA41mXT/QaNb1A41GSdbANbrrZRBYortesgbW6K6XQaDPrBsE+oySW9JAn1k3CPSZdVkDfWbdKHCNDvs2CizRYd/sA5dBYI0O+zYKtJl1aQNtZt0o0GbWjQJtRknaQJtZN+qzmXXDwBJd9pQ3sEaXPQ0DXUZJ3kCXWTcMNJl1x2GgyShJHGgy6yaBa3TbwySwRLc9ZA6s0W0Pp3GgxyjJHOgx6yaBHrNuEugxSjIHesy6WeAaHXd3ngSW6Li71IE1Ou5uFmgxSuwDL5NAi1k3C7SYdbNAi1GSOtBi1l1ngWt03eGHwOi4OwJV9oE3AkWzQIuDmkDVQqAodaDFwmofOOkj8LcQqJoFOtwXT76FIPC3EKiyD5w9orZ4/DYNrNF1h+yBJbru8EPgGl13mD+i9g+MjrtL/fzS4p5pFmixDt7cA5dJoMMongY6jOLpxm8fWKPjDj+sgyW67sCuoGMUq+y/jL1OAi0mnX3gbRJoMYpngRaTbnaJLQJnn+IaHXdn/2rZbNSV6Li72TazRsc9TAKj074s7oG3YZ/FKJ4dhBaTbnYQmgSOD0KLUTwLtJh0s5PaJHB8UtfotC/jwBKd9pQ3cI0ue1pGgdFh325ZA01G8fikNpl043PGJtD/D4MN9hmTSXcYXmOfwME1rtFZb/1rXKKz3vrXuERnNZZe4Bpd1ehe4+ioVvcaR0dtff4MbUbxt/1Z4zPpnvY/Q7vA/VJjF7i//bQL3H+SfZaZJ/vA/d2dX+DiHnhzD7y6B17cA8/ugSf3wKN74ME+8OYeeHUPvLgHnt0DT+6BR/fAg33g5pwxerj1sjlnanRNx+acKdE1HZtzZo2u6dicM9ExPe05Y/do5mF5B9rdtz8054zjKbM5Z2p0S1dzzpTolq7mnFmjW/ren5LokoHXSeh5yhzeHxPPU+buGei4bH25OB+DD4vxMfhwMj4Gv1yNj0EAAAAAAAAAAAAAAAAAAAAAAAAAAAAAAAAAAAAAAAAAAAAAAAAAAAAAAAAAAAAAAAAAAAAAAAAAAAAAAAAAAAAAAAAAAAAAAAAAAAAAAAAAAAAAAAAAAAAAAAAAAAAAAAAAAAAAAAAAAAAAAAAAAAAAAAAAAAAAAAAAAAAAAAAAAP5v/gEdffQ37B1d8QAAAABJRU5ErkJggg=="
"338GLSUI59KR7TJWQI7YX2X9RHQSFP","33SU42CZVS6CZTSHEOGSYZHNGQW77E","Outline the Humerus bone within a surgical x-ray","(GRADED!) We need high quality semantic segmentations (outlines) of the humerus bone. Please refer to the Full Instructions for examples and details before working.","semantic segmentation, image, labeling, medical, x-ray, single item","$0.10","Wed Jan 17 12:45:45 PST 2024","10","BatchId:5176945;OriginalHitTemplateId:928390902;","14400","259200","Thu Jan 18 17:45:46 PST 2024","","","3OLF68YTNGAQTHVWZKQ90MZUMMFFA3","A2KJ983WWTEK4L","Submitted","Wed Jan 17 17:35:25 PST 2024","Wed Jan 17 17:36:01 PST 2024","Sat Jan 20 17:36:01 PST 2024","","","","36","100% (1203/1203)","100% (77/77)","100% (54/54)","https://fluoros-mturk-instructions.s3.amazonaws.com/Humerus/Batches/Test_Instructions/024_110911.png","1280","1280","#2ca02c","iVBORw0KGgoAAAANSUhEUgAABQAAAAUAAQMAAAAiKm20AAAAAXNSR0IB2cksfwAAAAZQTFRFAAAALKAsCO/WQQAAAAJ0Uk5TAP9bkSK1AAAHmUlEQVR4nO3dQW7jOBCFYQdeZJkj6Cg6mnQ0HoVHmOUsBpOB3Ykk26QIdKHnvQr+7wT/ImEVaXf6cgEAAAAAAAAAAAAAAAAAAAAAAADwf1g+v1V1ShuBUfaBM4FBBEZNW+Bf6pQ2AqPsAz8IDCIw6j1P4N/qlDYCo64EBhEY9UZg0B74jzqlzT7wQmAUgVELgUFb4L/qko6ZwCACoyYCgwiM2h9n1CUdBEbZB74TGERg1DVP4KpOaSMw6o3AIALDCIzaAou6pMM+cCEwiMComcCgLbCqSzrsAycCgwiM+iAwKE+g6dff9tcjAn8TgVFXAoMIjNpej0y//kZgmH3ghcAoAqOWr0DXr78RGGYfOBMYRGDUlCXQ9etvBIZ9EBhkH7g9zqhDegiMIjBqez1a1SUdBEYRGJUnsKhLOgiMeiMwaAus6pIOAqMIjNoC7T9NJPB3ERj1HWj7UROBUQRGpQm0/RxiITCIwKjvQNtnfgKjCIz6DrR95p8JDCIwKk/gqi7pIDDKPnBKE1jUJR0ERhEYtQVWdUkHgVH2gXn+AW9Vl3TY/wtjAqMIjNoCXZ/57QPfCQzKE+j6zE9gFIFReQJdP4e4EhhEYFSiP0mtLukgMMo+0P4PKhMYRWBUosCiTmkjMGoPrOqUDgKjtkDXJ1YCo7ZA1wdCAqO2QNfXo4XAoC3Q9e0jT6DrxZjAqD1wVae0ERg1b4FFndJGYNQeWNUpbfaBU55A01sTgVF7oOmtyT7wI0+g6a2JwKg90PRaZx/4nifQ9FpHYNQhcFW3NNkHXhMFFnVLE4FRh8CqbmmyD3xLFOh5rcsU6HlrIjBsDzS9NREYtQea3poIjFr2QnVKG4FRh8BV3dJEYNS8BxZ1SxOBUYfAqm5pIjBq2gM9r3UERh0CPa91BEbtn4WZXusIjDoEel7rCIw6fBbmea1LFbiqY1oIjDoGFnVMy5XAoGNgVce0EBh1DLS8NREYdQy0vDURGHUMtLw1ERh1DLS8NREYdQy0vNblClzVNQ25Aou6piFXYFXXNOQKdFypCYx6CHRcqXMFOm6suQIdF8JcgY4LYbLAVZ3zKllgUee8ShZY1TmvkgUa7lvJAg33LQKjHgMNF8JkgYYLYbJAw4UwW+Cq7nmRLbCoe15kC6zqnhfZAv0WwmyBfvtWtkC/fYvAqKdAv4UwW6DfQpgucFUHPUsXWNRBz9IFVnXQs3SBdgthukC7hTBdoN2+lS7Qbt8iMOo50G4hzBe4qoue5Ass6qIn+QKruuhJvkC3hTBfoNtCaB/4/hzothDmC3Tbt/IFuu1bHwQGvQau6qRHCQOLOunRlC+wqpMeJQw0WwjtA+eXQLOFMGGg2UKYMNBsIVzyBZrtWxkDV3XTA/vA1z7/wKJuepAxsKqbHrgHvjUCrRbClIFWC2HKQKuF8OWJ+tNs30oZaLVvNQNXddVBM7Coqw5en6gzBFZ11UEz0GnWNQOdRol94OsT9afXrGsGOo2SZqDTKEkauKqzdlMzsKizdu3Aqs7atQONRknSQKNRMjcDjUZJO9BolCQNNBolncBV3bVZ2oFF3bXJGljVXZtOoM8o6QT6jJJ2n3+gz6zrBPqMkk6gzyhxD2w9Ud+t6rIv3cCiLvvSDazqsi95A11mXfOJ+sZllHQDXUZJN9BllOQNdBklzSfqu1Wd9ks/sKjTfkkcWNVpv/QDTUZJ+4n6xmSUJA40mXX9QJNR0g80GSVT4sBV3XZ3EljUbXcngVXddmcfOPcDPWbdSaDHKDkJ9BglJ4EeoyRzoMcoWU4CV3XczVlgUcfdpA6s6ribs0CLUXLS5zFKUgdazLqzQItRchboMEq6b+g5Ald13iiwqPNGgVWdlyCw/4Z+YzDrzgMNRsl5oMEoSR5oMOv6b+h36rxh4KruGwUWdV/6wKruGwXqR8nJIz+BBBJ4MxH4ZwP1GyuBUTOBBBJ4bjkP1N87CSRQ7byPQALlgfr3N/fA80d+AgkkcPDInyBQ/sw/eGAlMH/g4HmQwKGJwJ8eOI8CVwLPLQT+9MBRH4EDo4U6QWBxD1y1gcONn8CB4UKtXhbyB6rvxcONn8CBaRSofgLOH6j+tHMmMGgZBaq/2GMfOOqTf0U0f2DR9v2AjV8caL9Q/4BAbd8P2PjVgfYLdf5A9UJtHzj8JVEHDs9B9UJtHzhcFtQL9XAflAcu7oHzILCqA6fsgUUdOBol8sDRKJEHjk7qVR04OqnlgaOTWp03PKnVeaNA9UJ9GY0Sg8DJPfD8pFYv1JfRSW0QmPxvkRgEno8Sg8DzUSJfqC+Dk9ohcO7nVXXb3dTLU4d9a5/UDr8dX+z/a9vmKFFHHbVO6qKOOmqc1A6Hy4H1D+DN4vwDePMcWNVBz2bbE/DL9NBnsOQ3HAJXdUvH92FT1SEnrpY/gI/e1QEAAAAAAAAAAAAAAAAAAAAAAAAAAAAAAAAAAAAAAAAAAAAAAAAAAAAAAAAAAAAAAAAAAAAAAAAAAAAAAAAAAAAAAAAAAAAAAAAAAAAAAAAAAAAAAAAAAAAAAAAAAAAAAAAAAAAAAAAAAAAAAAAAAAAAAAAAAAAAAAAAAAAAAAAAAAAw8x/dHxj8EmynpQAAAABJRU5ErkJggg=="
"338GLSUI59KR7TJWQI7YX2X9RHQSFP","33SU42CZVS6CZTSHEOGSYZHNGQW77E","Outline the Humerus bone within a surgical x-ray","(GRADED!) We need high quality semantic segmentations (outlines) of the humerus bone. Please refer to the Full Instructions for examples and details before working.","semantic segmentation, image, labeling, medical, x-ray, single item","$0.10","Wed Jan 17 12:45:45 PST 2024","10","BatchId:5176945;OriginalHitTemplateId:928390902;","14400","259200","Thu Jan 18 17:45:46 PST 2024","","","3QXNC7EIPP4LRU614WTO1K16A2L90R","A1Y0ABOUJUMCWW","Submitted","Wed Jan 17 19:25:14 PST 2024","Wed Jan 17 19:26:16 PST 2024","Sat Jan 20 19:26:16 PST 2024","","","","62","100% (2/2)","0% (0/0)","0% (0/0)","https://fluoros-mturk-instructions.s3.amazonaws.com/Humerus/Batches/Test_Instructions/024_110911.png","1280","1280","#2ca02c","iVBORw0KGgoAAAANSUhEUgAABQAAAAUAAQMAAAAiKm20AAAAAXNSR0IB2cksfwAAAAZQTFRFAAAALKAsCO/WQQAAAAJ0Uk5TAP9bkSK1AAAHx0lEQVR4nO3dzW3rSBREYQpaaKkQGApDI0PrUDqEWc5iMB5Ili3+NFuDdxdVFzhfBAd4Mm9J9rOHAQAAAAAAAAAAAAAAAAAAAAAAAOj7aijqqLWZwKDJPXB0D7wTGHRzD7y6B14IjLIPnN0DJwKDRvfAxikp6qaNxikp6qYN+8DGrSvqpo3GKSnqpg37wMatK+qkrZnAoMk9cMwXWNVJW8djXNVJW/aBx2Nc1Ulbx2Nc1Ulb9oHHY1zVSTsERs3ugROBQSOBQYdjXNVFO4djXNVFO/aBh2Nc1UU7h2Nc1UU79oGHY1zVQXv2gbN74ERg0OgeuD/GVR20Zx+4P8ZVHbS3P8ZVHbRnH7g/xn+pg/bsA/fH2C9wJjBocg8cCQy6Exh0cw+8Ehh0cQ8cCIya3QMnAoNGAoPuBAbZB94IDLoSGHQhMMg+cDsI/1bXNNgHzgQGTQQG2QeOBAbdCQyyD7wRGHQlMOhCYJB94EBg1Exg0ERgkH3gSGDQncCgG4FB9oFXAoMuBEYRGGUfOBMYNBEYRGDU+A78R93SRGDUncAgAqNuBAbZB14JDLIPvBAYRGAYgVH2gTOBQQRGTQQG2QeOBAYRGHUnMMg+8EZgEIFRVwKDCIy6EBhEYBSBUYkC/1WntBEYRmAUgVEERhEYlSfwS11ywj5wJjCIwKhEgYs6pY3AKAKjJgKDEgUWdUobgVEjgUEERr0DqzqljcCoO4FBBEYlCnT8VbZDgsAbgUEERiUK9Pw/5P6BVwKDCIxKFGj/kz0E/hkCowiMsg9M9FMVBP4hAqMIjJp/C9UlJwiMIjCKwKgpT+CiTmkjMOodWNQpbYkCqzqlbSQw6B1o+n2IRIGmH7ESGPUONP30KFGg6RtjAqNWvw5YndKWKXBRtzQRGLUKLOqWpkyBVd3SRGDUKtBz898SBXpOagKj7H81f6ZAz0mdKdBzUhMYtQ5c1DEt10yBRR3TQmDUOrCqY1pSBVpOagKj7P8Cr33g+i/wWk5qAqPWgZabP1Wg5aQmMGoTuKhrGnIFFnVNg33g+k+le07qdaDlIEwVaDkIUwVa7q1UgZZ7K1Wg5ZzJFbioaxrmVIFFXdOQK7CqaxpyBTrurVyBjnsrV6Dj3soV6Li3NoGOcyZZ4KLOOUoWWNQ5R8kCqzrnKFmg4ZxJFmg4Z5IFGs6ZZIGGeytZoOHeyha4qHsOsgUWdc/BLrCqew6yBfrNmWyBfnMmW6DfnMkW6DdnsgX6zZl0gYs6aC9dYFEH7aULrOqgvXSBdnsrXaDd3toH2s2ZdIF2cyZdoN2cyRe4qIt2DoFFXbSTL7Cqi3byBbqthXyBbnPmEOi2FvIFuq2FfIFuayFh4KJO2koYWNRJW8fAqk7aShhothYSBprNmYSBZnPmGGi2FhIGmq2FjIGLumnj2OcfWNRNG43Aqm7ayBjotRYyBnqthYyBXnMmY6DXnGkEeq0F98BLK3BRV63kDCzqqpWcgVVdtdIMdFoL9oHXVqDTWsgZ6LQWcgY6zZlmoNNaSBq4qLPebjkDizrrLWlgVWe9tQON1kLSQKO1cM8ZaLQW2oFGayFpoNFaOAlc1F2/sgYWddevsR1Y1V2/sgb6HOOsgT7H+CTQ5xhnDfQ5xlM70OcYpw1c1GE/zgKLOuxH2sCqDvthHzifBNoc47NAm2OcNtDmGJ8F2hzjtIE2x/g0cFGXvZz1+QcWddlL3sCqLvvW/ImAJ5NjnDjQ5BifB5ocY/vA9reLH0yO8XmgyTHOHLio257a30vMEVjUbU+dwKpue7IPPPk+zoPHMe4EehzjzIEex3g8D/Q4xpkDPY5x6sBFHfcwdQKLOu4hdWBVxz30Ai2O8Zw50OIYpw60WAudPv9Ai7WQOtBiLbgHnn/69rCo89IHFnVegsDOp29fFnvLPrDz2dGXxd5KHmiwtzofzRD4v4zur0H7wKkbWNV5nwKLOq//nslizfQD1XVDgsBun8Obpm6gwfvi/l41OCT9QIPndH+v2gdWdd6nwKLO+7RXF3VegsD+XlXXDR8CHQ7J2As0OCT9QIND0t+rBs/p/tqq6rrhQ2BR1w0f1tairhuyf0Ktrhs+BDo8p7tjxuE53Q10eE53x4zDc7obWNV1w4cxU9R1w4etsKjrhg+B6riHqdPn8BjsBjo8BnP/yIfDY7A7Zqo67qEXWNRxD6kDF3XcQy9Q3fbU6bN4TvcCLZ7TvUCL53Qv0OI53Qss6ran+TxQnfbtPNDja6Qztzxegp1FXdRp384D1WUvp+/qPJ6CnffFVV32chq4qMtezj6b8VgKw/nHby4vwdNbV9Vdv8xfgme3zuYleHbrTO7cQzuwqLPexmagumqleetMptZTM9DoJdi+dUVdtWb+Emx+lTi9BJtzoaqbtuZD4KJO2jp8HRvduafD4vKZWi+T90vw+Chc1EEH3i/BYf8otHsJ7h+FVZ3TsHkUqmNa1o9Crzv3crH8dwUAAAAAAAAAAAAAAAAAAAAAAAAAAAAAAAAAAAAAAAAAAAAAAAAAAAAAAAAAAAAAAAAAAAAAAAAAAAAAAAAAAAAAAAAAAAAAAAAAAAAAAAAAAAAAAAAAAAAAAAAAAAAAAAAAAAAAAAAAAAAAAAAAAAAAAAAAAAAAAAAAAAAAAAAAAAAAAAAAwNl/e1UITdAUntQAAAAASUVORK5CYII="
"338GLSUI59KR7TJWQI7YX2X9RHQSFP","33SU42CZVS6CZTSHEOGSYZHNGQW77E","Outline the Humerus bone within a surgical x-ray","(GRADED!) We need high quality semantic segmentations (outlines) of the humerus bone. Please refer to the Full Instructions for examples and details before working.","semantic segmentation, image, labeling, medical, x-ray, single item","$0.10","Wed Jan 17 12:45:45 PST 2024","10","BatchId:5176945;OriginalHitTemplateId:928390902;","14400","259200","Thu Jan 18 17:45:46 PST 2024","","","3WS1NTTKE5LUS4XE7ITGBGNHD13F0E","A234WZ4KX8IW07","Submitted","Wed Jan 17 21:47:27 PST 2024","Wed Jan 17 21:49:33 PST 2024","Sat Jan 20 21:49:33 PST 2024","","","","126","100% (852/852)","100% (68/68)","100% (49/49)","https://fluoros-mturk-instructions.s3.amazonaws.com/Humerus/Batches/Test_Instructions/024_110911.png","1280","1280","#2ca02c","iVBORw0KGgoAAAANSUhEUgAABQAAAAUAAQMAAAAiKm20AAAAAXNSR0IB2cksfwAAAAZQTFRFAAAALKAsCO/WQQAAAAJ0Uk5TAP9bkSK1AAAHMklEQVR4nO3cO3Lr6hGFUZ1ScEKlzjQUDk0YGoaCITh04LpySffojUe5Oujd9loj+IoQ0Y2fpO7uAAAAAAAAAAAAAAAA/m/cr90FF+6fX2zdGcd+Pb9bult2CawSWCWwSmCVwCqBVQKrBJYJrBJYJbBKYJXAKoFVAqsEVj0JLBJYJbBKYJXAKoFVAqsEVsUH3gQWCawSWCWwSmCVwCqBVQKrHgUWCawSWCWwSmCVwCqBVQKr4gMfBBYJrBJYJbBKYJXAKoFVAqviA38LLBoUuHan7BNYJbBKYJXAKoFVAqvuBRYJrBJYJbBqUODWnbJPYNUvgUUCqwRWCawSWPUR+M/ulAMCqwRWCawSWCWwSmDV05jAf3WXHBBYJbBKYJXAqvjAm8CiOYH/7i45ILBKYJXAKoFVjwKLBFa9B/7VXXJAYJXAKoFVDwKLBFYJrJoT+NxdckBglcCq3wKLBFYJrBJYNej/GCzdKfviA+8FFg36WdjanbJPYFX879YEVg0KDP2OaHxg/E9yBgWGfvVIYNWgwNBPtAVWDQpM/RxCYNWcwNTjLYFVgwKX7pR9AqsGBa7dKfueBBYNCty6U/YJrBoUGHp6JLAqPvD2Hhh6eiSwalBg6OmRwKpBgaGnR/GBjwKLPgJDT48EVk0KXLpbdgmsehgUuHa37BJYNSlw627ZNSkw8+xDYNXHl/lDjxYmBWY+GE8KzHysE1j1KTDzqWlU4NIds+deYNHnwLU7Zs+owK07Zs+owMiNVWDV58DIlfrXpMDIlXpUYOTGKrDqc2DkSj0rcOmu2REfePc5cO2O2SOw6nPg1h2zZ1Rg5MYqsOpzYORK/TQpMHKlHhUYubEKrPocGLlSzwpcumt2xAfePgeu3TU7ZgVu3TU7ZgUmLoSzAhMXwlmBiQvhrMDEfWtWYOK+FR/4+CVw6c75aVjg2p3z07DArTvnp2GBgfvWsMDAfWtYYOC+NSwwcN8aFhi4bwms+ha4dPf8MC1w7e75YVrg1t3zw7TAvIVwWmDeQjgtMG8hnBaYtxBOC8zbt8YFLt1B340LXLuDvhsXuHUHfTcuMG7fGhcYt2+NC4zbt8YFxu1b4wLj9q15gUt30TfzAtfuom/mBW7dRd/MC0zbt34Epq0z8wLT1pl5gWnrzLzAtHVmYODSnfTVz8C1O+mrgYFbd9JXAwPD1pmBgWHrzMDAsHXmZ2DYthAfePsRGLYtTAxcupu+mBi4djd9MTFw6276Yicwa1uYGJi1LTwNDMxaZyYGZq0zO4FZ28LIwKU76rP4wJ2+rG1hZODWHfXZyMCodWYvMGpbGBmYtC38GhmYtM7MDExaZ/YDl+6sD/uBa3fWh6GBW3fWh/vdwKBhPDQwaBjvBwbNuqGBQbNuPzBo1v0eGrh0d707CFy7u95NDdy6u94dBObMuqmBOcP4YT8wZ9ZNDcwZxgeBObPuKHDpDnsTH/h4ELh2h705Cty6w96MDYyZdUeBMbMuPvB2EBgz644CY2bd2MCYYXwYuHSX/fE0NnDtLvvjMHDrLvtjbmDKMD4MTJl1R335gSnD+DAwZdbNDQwZxvsf1b1autteTQ5cu9tenQRu3W2vJgdmDOODT8JeZMy6yYEZw/jgkP9FxqybHJgxjI9OgF8s3XEvRgeu3XEvHk8Ct+64F6MDI4bx7SQwYtbFBz6dBEYM47PAiFkXH3jSlzGMTwOX7rq7/MCTZ6bniGF8Hrh15w0IPHlmeo4YxueBAbMuPvDsmSliGJ8HBsy6+MCzZ6bnhGF8Ebh09+UHPgosugn8Xw98Og9cu/vyA8/7BF463/gFXjtfqAcEbgIvnC/UAq9d7KsCLz1OD2w/nIl/BW8Ci56mB67dgRd9Aq9c7avtj50Cq6721fYDzPjAq321PfBqHYwPbD/lf0wPvKUHPl0Etn8UdtHX/2FieuDlpOt+ZrocJFtz4OUg6Q68HCRreuDSHPiYHni7CmzuuxwkJt2VqyvcHXg5SLon3eUgiZ908YFbeuDaHHi5K8QHLuGB3bfBy8DuN/HltrWEB7Zf4avA9iuc/9W888D2ZfBq4++/wheBS3feRWDAFT4PDLjCp4EJL+DpU+fSHffiJDDhAp8F9k+5V8eBGS/gSeDSnfa3w8CIt/DdSWD3A/ubw8Ctu+yPx6PA7rA3R+tWyE3m+KEp5CZzHLh2h705OPpIuckcng+m3GQOA7furg/7gUt31ofHvb6Ym8zd/tt46476Ivgd/Lfb98CYe/QfP67x2l303ffA7p59T5Hv4E8+tpqcIfLFx0TZulMOvN+wl+6SA29rTdpd8MPv6D/BFw/Jf4GvHlLvge/+0R0AAAAAAAAAAAAAAAAAAAAAAAAAAAAAAAAAAAAAAAAAAAAAAAAAAAAAAAAAAAAAAAAAAAAAAAAAAAAAAAAAAAAAAAAAAAAAAAAAAAAAAAAAAAAAAAAAAAAA/Hf+A/FYNUJ8/yguAAAAAElFTkSuQmCC"
"3GL25Y6859359KXC6FHYR0YA3X4XM9","33SU42CZVS6CZTSHEOGSYZHNGQW77E","Outline the Humerus bone within a surgical x-ray","(GRADED!) We need high quality semantic segmentations (outlines) of the humerus bone. Please refer to the Full Instructions for examples and details before working.","semantic segmentation, image, labeling, medical, x-ray, single item","$0.10","Wed Jan 17 12:45:44 PST 2024","10","BatchId:5176945;OriginalHitTemplateId:928390902;","14400","259200","Thu Jan 18 17:45:46 PST 2024","","","33M4IA01QNAZSK8Y1PIH1JOBQV1XRM","A308VDNYF180ZF","Submitted","Wed Jan 17 18:07:45 PST 2024","Wed Jan 17 18:09:44 PST 2024","Sat Jan 20 18:09:44 PST 2024","","","","119","100% (962/962)","100% (58/58)","100% (44/44)","https://fluoros-mturk-instructions.s3.amazonaws.com/Humerus/Batches/Test_Instructions/034_221027.png","512","512","#2ca02c","iVBORw0KGgoAAAANSUhEUgAAAgAAAAIAAQMAAADOtka5AAAAAXNSR0IB2cksfwAAAAZQTFRFAAAALKAsCO/WQQAAAAJ0Uk5TAP9bkSK1AAACBUlEQVR4nO3cTW6DMBRFYSwPPPQSWIqXBktjKSyhww6qulShipNJ5XddvYqcMy6fUgH+gSjT9Ev16PO3P/pz4AMAAAAAAKAB3gEAAAAAvgsXAd4AJCACABwlAICjfBFgB5CAGeAKQAEAOFr+B7AB+AIV4L8AqyMQAACmc9t4BcB+PMB0bhsBLgEo36DIAFcAZoAboLw1vgBQAHRgAbjtN5R3dQDnYv21gXgVQHg/kQB0IAPclgcvDhQAHVgAbrP7awMBQAeiO5DcgewOzO5AcQcWd6B6A8EdiO5AcgeyO3DezfZtnwwUd2BxB+oowPwkSwWCOxDdgTQMsD7dz+7A7A4Ud+BnODC/sJSB6g0EFYh3YPUBkgrkgcBmAmZ3oKjA/VYwfsVSBqoIhJGAaZ0XVSC5A82tYFskze5AUYHmSratMGSgikBwB9pbwTS/J3cgq0B7JZumZxkoKrCMBdZ+oIpAcAfiI7B1A8kdyIOBvRuYVaC4A8sj0D89V28gjAa6p+eoAskdyCowjwa6T2NRgedPsKvA5g6s7kDv8c9XYv8SZzTQv1p/AvqHRHlmO8aDopyEA/hszqRhnRnre/NfGHY8sb41o9reD4S6N8DWD0x1a0Z2w/FTbeaW3QJMA57t/3yE1QqcgvgrHMLRREREREREREREREREREREREREREREREQD+gL0ttHbu5uG+wAAAABJRU5ErkJggg=="
"3GL25Y6859359KXC6FHYR0YA3X4XM9","33SU42CZVS6CZTSHEOGSYZHNGQW77E","Outline the Humerus bone within a surgical x-ray","(GRADED!) We need high quality semantic segmentations (outlines) of the humerus bone. Please refer to the Full Instructions for examples and details before working.","semantic segmentation, image, labeling, medical, x-ray, single item","$0.10","Wed Jan 17 12:45:44 PST 2024","10","BatchId:5176945;OriginalHitTemplateId:928390902;","14400","259200","Thu Jan 18 17:45:46 PST 2024","","","34Z02EIMIZM4B9FF22Y5SK2I48D0T5","A26MRON9XGPVB5","Submitted","Wed Jan 17 13:42:16 PST 2024","Wed Jan 17 14:02:23 PST 2024","Sat Jan 20 14:02:23 PST 2024","","","","1207","95% (41/43)","95% (41/43)","100% (14/14)","https://fluoros-mturk-instructions.s3.amazonaws.com/Humerus/Batches/Test_Instructions/034_221027.png","512","512","#2ca02c","iVBORw0KGgoAAAANSUhEUgAAAgAAAAIAAQMAAADOtka5AAAAAXNSR0IB2cksfwAAAAZQTFRFAAAALKAsCO/WQQAAAAJ0Uk5TAP9bkSK1AAACP0lEQVR4nO3bTZKbMBRFYVQMmIUlaCksTSyNpbCEDDNIRUk76YDF6L2ryrPJOXN9ZWMk8dM9DET0n/RFBeZav6vAr76GAzsAAEAfYAMAAOgDrAAAAH0A/3gdyAAAAAfwIxJYAADuAZQugPIcBwDgowrQCfgGEAokgPsAwtuBeGAEALgHMD2AHQCgSk/GZeBVHu7fAFgDgQzwAsDyAPzjAV4CKF2A+AdZ7w3UmwDxj1AEIAHcARgBXgCYAO4AzOFADgeWcKCEA/XtgRQOjOHAFA7M4UAOB34vB8LFtgyUcKBGA+n9gbEX4L79n8KBORzI4cDyCaxRQFGBGg2kfsDmA0YVmMKBORzIKvB3KnjfdMlACQeqCKRw4JhLzhfXMnDMJecfsswdAd+lalaBYyo4L1Fk4JgKzt1VBk7jXTtL6gpsDmDsCuwOYFKB+Qx45rMM5DPgmc9LV8Azn4sKnMd75nPqCzjm86gC0zOwmoG5M7CZgawCyzOwm4ESDlQRSCrQnIj2JWkKB2YVyL0B86q6qEAJB6oItGeyeWOQgXYqmIH2TP73QDsVzHtbDgcWFSjdAev2fPkKANV8hdH/E8hnonU2XgDrmngBrDvTBdhVYFOB1QhcljTj+OuybgXarc1+v5CfAfstT7Mx2O/ams3RceNZpPNoaH5Iz0OYUfwGzz+kZ/z5d3D+G0vRPsDpKKxO4PNs9A4f/hxHYfzjOCrjP9YVbfyQxPFERERERERERERERERERERERERERERE791P8U9t4bI3e3AAAAAASUVORK5CYII="
"3GL25Y6859359KXC6FHYR0YA3X4XM9","33SU42CZVS6CZTSHEOGSYZHNGQW77E","Outline the Humerus bone within a surgical x-ray","(GRADED!) We need high quality semantic segmentations (outlines) of the humerus bone. Please refer to the Full Instructions for examples and details before working.","semantic segmentation, image, labeling, medical, x-ray, single item","$0.10","Wed Jan 17 12:45:44 PST 2024","10","BatchId:5176945;OriginalHitTemplateId:928390902;","14400","259200","Thu Jan 18 17:45:46 PST 2024","","","3A4TN5196RRY0SJ0EOA0921V24ACHX","A2KJ983WWTEK4L","Submitted","Wed Jan 17 16:59:47 PST 2024","Wed Jan 17 17:33:58 PST 2024","Sat Jan 20 17:33:58 PST 2024","","","","2051","100% (1203/1203)","100% (77/77)","100% (54/54)","https://fluoros-mturk-instructions.s3.amazonaws.com/Humerus/Batches/Test_Instructions/034_221027.png","512","512","#2ca02c","iVBORw0KGgoAAAANSUhEUgAAAgAAAAIAAQMAAADOtka5AAAAAXNSR0IB2cksfwAAAAZQTFRFAAAALKAsCO/WQQAAAAJ0Uk5TAP9bkSK1AAAB9UlEQVR4nO3ZQW7DIBBG4SIvWHIEjsLR8NF8FB+hyy6quopitbG7Yn7Uicl7ez4pCvGA8/ZGRPRaTat9bd5uycACAAAA8DTAfGWgAAAAjAXY1+tABbgDXwAjAJ8AErB1AT4ARgDeAUYAVkcgAOzA8tLANAowAyhAfBLAvh6gB5AGAZQLywBABrgDypVpAKAA6EC9AcqlDeBprs7+gHBtDAA6MI0CrI5ABNCBBKADGUAHCoAO1OsDG0C4PjAB7MP5tYF0fSAPA9iP++X6QAXYB5MO2F9AqEAYBzC/DpzcgegO7E91+8t5GcjXB0ovwPxXWXUHNm8g/ACzEzC5A7EfsDgByR3I/YDVBhR3oLoDWz/AdkwL1wemjoDtmBbdgeQO/D4OjMe0ogLVHdhEIKjAw062HdOiCiQVeNhHtkOSDBQVqCrwuN5yxgkqMKlAVIF0ABYHIKtAUYHDPrIcEDZvIKjAcSMa5nt0B44b0TBdsztQVKAegfbZJgObCAQVOO3k9uEoA1EFUm+geThmFSgAf4Dmr7H2Bpp/TN2B5keaDJy/xebB0h1Y3YGlcf35oawDswo0ru8P/P9ckWfr+bHeDpw+w9wMHH/Pa/v6w2eQ7+6W9R3eRibrDngsLtJyIiIiIiIiIiIiIiIiIiIiIiIiIiIiIiK9b5qwFR2FMUI0AAAAAElFTkSuQmCC"
"3GL25Y6859359KXC6FHYR0YA3X4XM9","33SU42CZVS6CZTSHEOGSYZHNGQW77E","Outline the Humerus bone within a surgical x-ray","(GRADED!) We need high quality semantic segmentations (outlines) of the humerus bone. Please refer to the Full Instructions for examples and details before working.","semantic segmentation, image, labeling, medical, x-ray, single item","$0.10","Wed Jan 17 12:45:44 PST 2024","10","BatchId:5176945;OriginalHitTemplateId:928390902;","14400","259200","Thu Jan 18 17:45:46 PST 2024","","","3LWJHTCVCJVIGX2DOGNVQMEZQ3MQF4","A2RVSBEHUCNC6K","Submitted","Wed Jan 17 16:06:43 PST 2024","Wed Jan 17 16:16:17 PST 2024","Sat Jan 20 16:16:17 PST 2024","","","","574","100% (3872/3872)","100% (23/23)","100% (8/8)","https://fluoros-mturk-instructions.s3.amazonaws.com/Humerus/Batches/Test_Instructions/034_221027.png","512","512","#2ca02c","iVBORw0KGgoAAAANSUhEUgAAAgAAAAIAAQMAAADOtka5AAAAAXNSR0IB2cksfwAAAAZQTFRFAAAALKAsCO/WQQAAAAJ0Uk5TAP9bkSK1AAACCElEQVR4nO3bMVLDMBBGYWtUqNQRdBQdzT6aj+IjUFIwCAgGbAoY9tfMGuW9Ov6KJGvLUTxNPxfbW9svr/oVWO1AUoHsDhQVqKMAC4AClFEA+/E6kAEuAKRrAM8AAAAykAEAxgBuC4wngBGAR4ARgAeAEYBNACoAQA9gBgB4rQ0CKGdlgCkAAABcCtgARgBWR0Dedgb4AJb/DCSAC2y1+W83Alxh630AoAK833sDaEADCAD7CscfEHZM/YEEsC8P7hsoADpQAfar+30DDUAGAsDHAuWugQSgA9kdKO5AVYHZHWjeQHAHojuQVCC7A8UdqO7APoz2238ZaCIQ3IHYD1hsQHIHsgoUd6B+AqsTMLsDrR+wmY4P7kBUga9ZMv6RRQayO/A1jMb/7stA7QjYniKZVaB5A4dZsq0wZOAwjLarqwykI7B4APkIrB5AOQKbAahdAcspae4KWM4oTQTCCTDMswycZskyz6kvYJjnrAJFBao7MKtAE4HgDkQVSCqQAb6/iX8/H8hAdAeCCkz+wOwOVHegqEDuCxgu70kFojtwniZ5keWxzOu8UrUA1R0oR2AzANkdOE3TagBOw7CogOF4/e696y8Ytl9x9mEoIvAUzUC9fYEeJzNwgDQgq0DSnrS9faM04PXjEIGgAlNUASIiIiIiIiIiIiIiIiIiIiIiIiIiIiKXXgAMyyqTkyoTwgAAAABJRU5ErkJggg=="
"3GL25Y6859359KXC6FHYR0YA3X4XM9","33SU42CZVS6CZTSHEOGSYZHNGQW77E","Outline the Humerus bone within a surgical x-ray","(GRADED!) We need high quality semantic segmentations (outlines) of the humerus bone. Please refer to the Full Instructions for examples and details before working.","semantic segmentation, image, labeling, medical, x-ray, single item","$0.10","Wed Jan 17 12:45:44 PST 2024","10","BatchId:5176945;OriginalHitTemplateId:928390902;","14400","259200","Thu Jan 18 17:45:46 PST 2024","","","3Q5ZZ9ZEVVOK8W9SWATMIJ2M74E58J","A1Y0ABOUJUMCWW","Submitted","Wed Jan 17 19:26:16 PST 2024","Wed Jan 17 19:27:09 PST 2024","Sat Jan 20 19:27:09 PST 2024","","","","53","100% (2/2)","0% (0/0)","0% (0/0)","https://fluoros-mturk-instructions.s3.amazonaws.com/Humerus/Batches/Test_Instructions/034_221027.png","512","512","#2ca02c","iVBORw0KGgoAAAANSUhEUgAAAgAAAAIAAQMAAADOtka5AAAAAXNSR0IB2cksfwAAAAZQTFRFAAAALKAsCO/WQQAAAAJ0Uk5TAP9bkSK1AAAB+klEQVR4nO3avW3DMBBA4RAsWHKDcBSORo2mUTRCyhRBGCS2Y0sd7w450XmvccUPsCGJP/LLCxH9m6JueO29b1qgf2iBvmiBTQsovsMF6AAAAAAAAD81AAAAAFvgc2agAwAAPACKjSfACYAAAHAH3gEAJgciwA14A/AEEgDAHdjEQAYwA9aJgXIWYAE4ASAef4LXC08DKI5QngBoJwEURyhPAPSTAPINC4Dd1lm+UAWw2zZuAJ7Adc+1AngC1x3PAjA1UOYHqjvQ5gcu4xVbJi0Q5geiO5DmB/L8QDEC5FvnOj/Q3IE+PRDcgTg/kNyBbAWIn0jFHajuQLsBixfQvYFgB6wyILoDyQ7YZEB2B4o78Hs3S0/z1EBzB7odIDuYDu5A1ALJEJC9Y8nuQHEH7jejcI3T3IFuCIiWKMEdiI/AIgCSO5C1QHkEVg+gaoH2CGwCoCuBYAsIJseoBZIWyFpgdx1J5jY1ULXA7kKUzCxdCQR3YH8hCmaWpAWyMTA+sxQtUN2B5g50JRDcgegOJC1wvBX+HiiH8cO3c7UGhp+J7QAMTyzmwPDsbA5sWmDRAqPjj8D41Hi4kMaXSAdgHQaK8ic4AIIFzh7YxoH9A2VRApKN725eEJ1jvV4/Ff9lIiIiIiIiIiIiIiIiIiIiIiIiIiIiIiKi774AoXR4fRxHqPYAAAAASUVORK5CYII="
"3GL25Y6859359KXC6FHYR0YA3X4XM9","33SU42CZVS6CZTSHEOGSYZHNGQW77E","Outline the Humerus bone within a surgical x-ray","(GRADED!) We need high quality semantic segmentations (outlines) of the humerus bone. Please refer to the Full Instructions for examples and details before working.","semantic segmentation, image, labeling, medical, x-ray, single item","$0.10","Wed Jan 17 12:45:44 PST 2024","10","BatchId:5176945;OriginalHitTemplateId:928390902;","14400","259200","Thu Jan 18 17:45:46 PST 2024","","","3XM0HYN6NR85A712TSO08Z3P981EP3","A234WZ4KX8IW07","Submitted","Wed Jan 17 21:51:58 PST 2024","Wed Jan 17 21:53:32 PST 2024","Sat Jan 20 21:53:32 PST 2024","","","","94","100% (852/852)","100% (68/68)","100% (49/49)","https://fluoros-mturk-instructions.s3.amazonaws.com/Humerus/Batches/Test_Instructions/034_221027.png","512","512","#2ca02c","iVBORw0KGgoAAAANSUhEUgAAAgAAAAIAAQMAAADOtka5AAAAAXNSR0IB2cksfwAAAAZQTFRFAAAALKAsCO/WQQAAAAJ0Uk5TAP9bkSK1AAACBklEQVR4nO3bQW7qMBRGYSIPMvQSvBQvzV5alsISOnyDqq4o0OKMnu9v6QI5Z+5PKDK5SQinExHR/xWrCrRLZxXYAACeAqivDCSApwHs6wEA5gD5sv4LAOA9gE+AowMF4Ar8AwB4D+Dj2EADALgDZwAAZ2CZA2wAAM5AALgBFcAVWAHeB7Cv14EIAPAUQJoCKE+FAZ7m2fxrAwVAfy7dAGRgAdCBAKADK4AORIDbZeKxgQxwvb44ONAAFoDbcD42sLoD18km3DP5A8kdyK8PFHegTQLsD+NUYHEHwusD6x2oXkB0B5I7kN2Bcgc2L6CJwOIOBHfg98tofZVGBqIKJHcgq0CZBxhf7msisLgDQQX+drLxbeHoDiQV+NvJxlsWGSgq0ETgYSParnVlIKjAqgIPG9F2oSgDSQWyCpRHoHoATQQWFQgdsDkAqwpEFeg2omU8y0C3ky2zrahAt94yWVSg38mG83pQgX4jGs6qcTIwfk5LKpDdgbID6ijQvIFlOrANAkH9BKs7sP8qDAPJHcgqUKYDg+vnA8PnxOnA8FyQgf0xHJ6N+08wPN73wKYCVQVG1++B8emee+A8DCTxEOxOaYabth4YX9+flasBeBwsZ8P6y1GsPztwFX4jij9HLwn/9y7SH2RPlxFdNYCIiIiIiIiIiIiIiIiIiIiIiIiIiIiIyL9vCK+/OxS0EIAAAAAASUVORK5CYII="
"3IYI9285XY9R5EGWCM8JXVLJYLLJCP","33SU42CZVS6CZTSHEOGSYZHNGQW77E","Outline the Humerus bone within a surgical x-ray","(GRADED!) We need high quality semantic segmentations (outlines) of the humerus bone. Please refer to the Full Instructions for examples and details before working.","semantic segmentation, image, labeling, medical, x-ray, single item","$0.10","Wed Jan 17 12:45:44 PST 2024","10","BatchId:5176945;OriginalHitTemplateId:928390902;","14400","259200","Thu Jan 18 17:45:46 PST 2024","","","3M0BCWMB825XNDMJVN05ZL50Z7SWBF","A308VDNYF180ZF","Submitted","Wed Jan 17 18:12:52 PST 2024","Wed Jan 17 18:14:33 PST 2024","Sat Jan 20 18:14:33 PST 2024","","","","101","100% (962/962)","100% (58/58)","100% (44/44)","https://fluoros-mturk-instructions.s3.amazonaws.com/Humerus/Batches/Test_Instructions/047_221003.png","512","512","#2ca02c","iVBORw0KGgoAAAANSUhEUgAAAgAAAAIAAQMAAADOtka5AAAAAXNSR0IB2cksfwAAAAZQTFRFAAAALKAsCO/WQQAAAAJ0Uk5TAP9bkSK1AAAB7ElEQVR4nO3bTW6DMBRFYRADhiyBbXTG0nB3htSNsIQMO6hC86OoNlJU+b6nmrjnTCs+FbV+2ERpmmf127Wvpz//NTPQAQAAACTAGeC1gRYAACACNgAAgNcHGoAHEAAAAADqARYAAIBbKwAAwK0TAEAdwCcAgAloqwH0T6oAAA4F6J9QAADUBeivtgGqAgJAQaDzAhYAHegPA6z/GBjqAeQ3EGZgBPAD5MPzBHAAYPYC5JNnBcBWDyAfmooDLcAPoJ55zEAH4AkEDegBImDRgAEgAtZCwHggQNwsVwBMfoC406wAmP0AcZ9nBjY/QNvjtI6A9njuigN9BIQiwOAJLAowFgemCFiLALMnIM31rTQQr2ZpqpqBeDVLQ9EMxKtZGopmIF7N0kwzA2MChALAlABLAWD2BdZ8YPMF8gdC6wzkD4TOGcgfCL31NzADQ3FgLA5MzkD+v/JcHNhKA603sOYCu9WcP5X3QPhzYDcO8p/OOyB/g7EbB/kjsfxA2gH5S2EHrFYgZAPpn1HYqKaAsNtPgZAPJGtB2egmgPm0sAhAMpGE65Ohqr2GMt5B8mCRrr88Gz9Md3B5vL/LC+kOnB93oV3fDKf7HsPw/Ytrb7bLiYiIiIiIiIiIiIiIiIiIiIiIiIiIiIiIqJ6+AR5Nv1e1LfuvAAAAAElFTkSuQmCC"
"3IYI9285XY9R5EGWCM8JXVLJYLLJCP","33SU42CZVS6CZTSHEOGSYZHNGQW77E","Outline the Humerus bone within a surgical x-ray","(GRADED!) We need high quality semantic segmentations (outlines) of the humerus bone. Please refer to the Full Instructions for examples and details before working.","semantic segmentation, image, labeling, medical, x-ray, single item","$0.10","Wed Jan 17 12:45:44 PST 2024","10","BatchId:5176945;OriginalHitTemplateId:928390902;","14400","259200","Thu Jan 18 17:45:46 PST 2024","","","3OF2M9AATNX2ABVICNX5XSI8344KZE","A234WZ4KX8IW07","Submitted","Wed Jan 17 21:54:41 PST 2024","Wed Jan 17 21:56:19 PST 2024","Sat Jan 20 21:56:19 PST 2024","","","","98","100% (852/852)","100% (68/68)","100% (49/49)","https://fluoros-mturk-instructions.s3.amazonaws.com/Humerus/Batches/Test_Instructions/047_221003.png","512","512","#2ca02c","iVBORw0KGgoAAAANSUhEUgAAAgAAAAIAAQMAAADOtka5AAAAAXNSR0IB2cksfwAAAAZQTFRFAAAALKAsCO/WQQAAAAJ0Uk5TAP9bkSK1AAACoUlEQVR4nO3ZPZLjIBQEYKsUKOQIXGMz7c3E0TgKR5hwg6llxz81I5TR/bb4cXfOV3YJXiP7dlMURfn/+U2ud5Fbv2YSyCTgWSDnnJj1Kws4FjhIYPlanz8IwLHATgKPb8AAGws8vkH+gwOZBY5OgE8c2AXc59lX/r414J6H4a2BzQgIAwPrE4jvDDyrjej3CYBXORL13B44bID2/U4A7du1F2DoejYCiG6jgfb97thybA9YXRDi+ECCgXUaAO82Glh6AfBybA/wP0Fkthx7AYhuO2YBiG6jgb0XIAwMeCMgvjPg2HLsBsC7jQa2XgC829oDqxGAl+MEwOuShJfjPABejjRwswKCAKLbjmmA1A7YewHwcpwA8E8AL8d5ALwcacAZAXi3zQPg5UgDWzdAEICXYz9AGh+Aq6kfAG6WfgC4WfoB4GLoB4DnekdAGB+I4wNpfAAdyzMB6FzvCEDnekcAOtc7AtC5TgPODgjjA3F8II0PgGPZ2wHgVDUEwKFoCIAzzRAARxIN7D9AaA7ENsDxA6TmAHaesyEAneflBEDH0RSAjuN6AqDTVAChBbCdgcgCiQWQrehMAWQvFwCyFf0ZQLZiASBbkQb2AggsEOuBowASCwA7KZPAUgL1W5EG1hKo38sXoH4vb8ZA/V52zQHPArsxUP8UjuZANgbqzwILLN0B1QNltQaqh+p1HKTmQKwFrvMkkED9UbgA9b3iyad4BSIJAJc0T36ACxDqgb0A6teXn4C+pyI35QKg7+qRBQIAnI8z9NZ4BqA35/NMhN7dz2M9sgCy/tyN4I+BxzeQMMDnROyC2/05PjZT8PCf/7/uZzqhq1+J5HpFURRFURRFURRFURRFURRFURRFURRFURRFURRFURRFURRFURTllX+UsDzqOQP9iwAAAABJRU5ErkJggg=="
"3IYI9285XY9R5EGWCM8JXVLJYLLJCP","33SU42CZVS6CZTSHEOGSYZHNGQW77E","Outline the Humerus bone within a surgical x-ray","(GRADED!) We need high quality semantic segmentations (outlines) of the humerus bone. Please refer to the Full Instructions for examples and details before working.","semantic segmentation, image, labeling, medical, x-ray, single item","$0.10","Wed Jan 17 12:45:44 PST 2024","10","BatchId:5176945;OriginalHitTemplateId:928390902;","14400","259200","Thu Jan 18 17:45:46 PST 2024","","","3P1L2B7AD8Y1VDZTVEYPWUOJ8Y6OLF","A26MRON9XGPVB5","Submitted","Wed Jan 17 13:42:16 PST 2024","Wed Jan 17 14:07:48 PST 2024","Sat Jan 20 14:07:48 PST 2024","","","","1532","95% (41/43)","95% (41/43)","100% (14/14)","https://fluoros-mturk-instructions.s3.amazonaws.com/Humerus/Batches/Test_Instructions/047_221003.png","512","512","#2ca02c","iVBORw0KGgoAAAANSUhEUgAAAgAAAAIAAQMAAADOtka5AAAAAXNSR0IB2cksfwAAAAZQTFRFAAAALKAsCO/WQQAAAAJ0Uk5TAP9bkSK1AAAB7ElEQVR4nO3ZMXLDIBBAUTMUlD6CrpFOuZk4GkfhCClTZEKKJLJQKnZ3vJLyf+OKN/bYWoR1uxHRSXrVLU+tqNbPTQWE1lTAvZ0eSAAAVwIqAACAOxABDgO8AQAAAFwBCDbAOwAAAADACnwAAAAAAAAAAABcC4gAVsDnvwYSwAGA+1WAdmZgAtADsxGQARTAAmAGFDHQAPyBcB2gugER4ABAsgLED10B1vvMMwOTOzD/AOJHXf7AYgWI/8JQA+0wgPTkGdyB36kuPvP4A8kOyE7A3Q4oMmA6PzCvQD0rsKyAcGvyB5odINuawpEA2c4Szw88RqJwa/IHHjNVuLOogelQQJYAszuwbIDiAjRvIGyB6gHELSDZGNRA0gLbq1m0MaiBaQtIxrIamE0ByVheTAHJUGy2QB5eH9yB2APl+UDqgfp84G4MjI+kSQvMPTA+ktTA0gPjE0UNNGNgeCQFa2B4JMXjAdkdKINAuiCQlcDwT3k3Esevxj0wPJH2wPBQ3QN1FJiU3+IfICuB8ZusHTA+U3eAemNSb41VCxQtkJWA4FZ5UX6LO0Bw4ukBwaGtB6oSkBx4ujcgWN8NlCoBNp9B+KxP/YBlfQtFCsTvlxfpeiIiIiIiIiIiIiIiIiIiIiIiIiIiIiIiIrpWX7GJLJlySUo6AAAAAElFTkSuQmCC"
"3IYI9285XY9R5EGWCM8JXVLJYLLJCP","33SU42CZVS6CZTSHEOGSYZHNGQW77E","Outline the Humerus bone within a surgical x-ray","(GRADED!) We need high quality semantic segmentations (outlines) of the humerus bone. Please refer to the Full Instructions for examples and details before working.","semantic segmentation, image, labeling, medical, x-ray, single item","$0.10","Wed Jan 17 12:45:44 PST 2024","10","BatchId:5176945;OriginalHitTemplateId:928390902;","14400","259200","Thu Jan 18 17:45:46 PST 2024","","","3Q8GYXHFEWBMKZZ5DM9RK5Y5XU85CW","A2RVSBEHUCNC6K","Submitted","Wed Jan 17 16:07:31 PST 2024","Wed Jan 17 16:18:27 PST 2024","Sat Jan 20 16:18:27 PST 2024","","","","656","100% (3872/3872)","100% (23/23)","100% (8/8)","https://fluoros-mturk-instructions.s3.amazonaws.com/Humerus/Batches/Test_Instructions/047_221003.png","512","512","#2ca02c","iVBORw0KGgoAAAANSUhEUgAAAgAAAAIAAQMAAADOtka5AAAAAXNSR0IB2cksfwAAAAZQTFRFAAAALKAsCO/WQQAAAAJ0Uk5TAP9bkSK1AAAB30lEQVR4nO3bQU6DQBiGYQiL2ckR5iZyM4ejcRSO0KWLpqNirYAr/m/iz+j77udJ08CHmLRpiIiIiIiIiIiIiIiIiOicPanAswq8iOfbmwgEFehVYFCBLAKtCgQViCqQVCCLQK8BQ/4IoHIgAgA0yxoAAAA0Z7gbZcD/weIPpAUY/zWQAVqApvszwGQGAsD90Vg1EN2BoRAw+wGpfiBXD7T1A10p4GIFQv1AXz8Q6wfum5pf3YBUCri6AbkUYP7PtAp8TaL5zbMgMNqA7kTAZANCOWB2AvpygHHT4okA46YN9QPpARhH0R94nLeuqjvwvanGWS4KjBagcwfCCphcgH4FzC5ALAmYVnVwB9IKMI2iDKzO2zZNBdqigGXTOndgfTebRtEf6DfA6ADEDTDVCAwbYHYAUlnAMIoysDlvGUUVaFWg2wLHR1EGggr07kDcAsdneVA/gQwk9ULKhYHDd2PrDuxuheOTFkoDkzsw/jqwu5uP34yl9+T4c2UHTCJw+Ph+0dwByx+6ALvrQAYsb0xBBToV2My65b1VBhoZSCtgtgDDCpgsQMyfX8P7FWE63/TX5WK6mX/KEy7L92D/8UM3mo8SERERERERERERERERERERERERERERERHRj94Aa2VwPVlzg5cAAAAASUVORK5CYII="
"3IYI9285XY9R5EGWCM8JXVLJYLLJCP","33SU42CZVS6CZTSHEOGSYZHNGQW77E","Outline the Humerus bone within a surgical x-ray","(GRADED!) We need high quality semantic segmentations (outlines) of the humerus bone. Please refer to the Full Instructions for examples and details before working.","semantic segmentation, image, labeling, medical, x-ray, single item","$0.10","Wed Jan 17 12:45:44 PST 2024","10","BatchId:5176945;OriginalHitTemplateId:928390902;","14400","259200","Thu Jan 18 17:45:46 PST 2024","","","3UN61F00H3YQQ1OOVJZM90XRXW25RV","A1Y0ABOUJUMCWW","Submitted","Wed Jan 17 19:27:10 PST 2024","Wed Jan 17 19:28:11 PST 2024","Sat Jan 20 19:28:11 PST 2024","","","","61","100% (2/2)","0% (0/0)","0% (0/0)","https://fluoros-mturk-instructions.s3.amazonaws.com/Humerus/Batches/Test_Instructions/047_221003.png","512","512","#2ca02c","iVBORw0KGgoAAAANSUhEUgAAAgAAAAIAAQMAAADOtka5AAAAAXNSR0IB2cksfwAAAAZQTFRFAAAALKAsCO/WQQAAAAJ0Uk5TAP9bkSK1AAACDElEQVR4nO3aMXKDMBRFURgKSi2B7ISloaVpKVpCyhSZkNjYEZT678/I4HsbVzmT2H6KCek6IiIiIiIiIiIiIiIiIiKiCxbWNarAun6eGhgvAny1BAYAHehvwDeABHSvAfy8ObBcA1jPDcwAGxBPDUwXAdJ7A+EiQH5vYLwI0P6SpSkwXAQ49zUPwANQrjhkwOeyTfm07QMoHxSdgNgcSM2B3BxQTlUfQDkQfABlzz6AsmcfQNmzExCbA6k5kJsDwp6dAGHPToCwZydA2LMTIOzZC4jNgdQcyOcH7AeCF2A/ELwA+4HgBdgPBBXoV/FA+AeiERjcgGQERjcgq4B1TcENsK5pcgOsa5qfgHUMMrA8AeuaChBtwCoCfQFSG2AoQDYBYwFsY5CBUADbGCZHwLamuQC2MchAmYJxTbuvt41BBfo9kAzA4ApkAzDuAcsYgitgGcPkCljWNO8ByxhkYNkDljXJwOHrLWtSgd4ZSNXA4AzkamBsDoQjUH8gyMB0BOoPhJcD6o8kb6D+SHo5oP5McwdiLRBUYGwODCrQNwe67bWfze+Dv1+uh2/EAGwPkxn42B4GM/Do8TMIf95eVGBWgW1Vwj2C7VkUbnPo937vz2ISgMk2hVKQ3kfd9ixK//d8eycoz+H9dYgS0AXl7ve9pAJERERERERERERERERERERERERERERE1Kxf4QBmgjnt5MQAAAAASUVORK5CYII="
"3IYI9285XY9R5EGWCM8JXVLJYLLJCP","33SU42CZVS6CZTSHEOGSYZHNGQW77E","Outline the Humerus bone within a surgical x-ray","(GRADED!) We need high quality semantic segmentations (outlines) of the humerus bone. Please refer to the Full Instructions for examples and details before working.","semantic segmentation, image, labeling, medical, x-ray, single item","$0.10","Wed Jan 17 12:45:44 PST 2024","10","BatchId:5176945;OriginalHitTemplateId:928390902;","14400","259200","Thu Jan 18 17:45:46 PST 2024","","","3ZPBJO59KWA85KPEEK5BT8JDN4PHD5","A2KJ983WWTEK4L","Submitted","Wed Jan 17 17:34:07 PST 2024","Wed Jan 17 17:34:50 PST 2024","Sat Jan 20 17:34:50 PST 2024","","","","43","100% (1203/1203)","100% (77/77)","100% (54/54)","https://fluoros-mturk-instructions.s3.amazonaws.com/Humerus/Batches/Test_Instructions/047_221003.png","512","512","#2ca02c","iVBORw0KGgoAAAANSUhEUgAAAgAAAAIAAQMAAADOtka5AAAAAXNSR0IB2cksfwAAAAZQTFRFAAAALKAsCO/WQQAAAAJ0Uk5TAP9bkSK1AAACBklEQVR4nO3ZMW7jMBCFYREsVKpNp6PoaNLRdBQeYcsUwXITeGNLSOV5g8zI+P+eH1TYT4Q9DERE9DuVJgLTLgJdBEYVWEWgdhGYVWACAADwAUYAAAAfQH43AgC8CFAAAABeBRgAAACyAOqvOJ9AA0gA/AG4PrD0d4AEwAfAKwB/ARIAHeAlgA0gAbADJAAagHjXjQfWLl4UUwDaJSkFoN0wegZAe7uqQHEBtksD9QvYrw80ARhzAMosy8DkAiizHA/MX4Ayy0kAZZZlYHEBlFmOB9YuznIWYLcDPQnQ4oDiBNhnWQaqE2Cf5TELYJ/lKRyYb4B9luOB2ygLsxwPrP+BLQzoXsAeBZRvoEUB1Q2wrqoMjN+AdRRlYHIDrKM4uwHWTZOBxQ2wbtoaDtzPWzdNBcoD2C8K1AfQYoDxAdg2TQYmR8C2abMjYNs0GVgcAdumreFAPxQClCOwRQBVBcYjsEcA0xFoEcDsClg2bVGB9QhYNk0Guitg2LQSDpy+jJZNk4HTl9GyaVM4MF8fWJIBhg/Sen2g+wKGPVCBkg14ftbr9YHRGXj+9Q7wA2gXBKozsImAfEExXFTPwP48cF6k58+fAcs99QQ0FdhEwPqT6v3TbP6/sWoPcH8G+/mbsCnA5321SeeH4U08T0RERERERERERERERERERERERERERERElKJ/JYl9lXYzkJMAAAAASUVORK5CYII="